PPN,Title,Subtitle,Creator,AdditionalCreators,AdditionalCorporateCreators,Language,PhysicalDescription,Place,Date,Publisher,Notes,Shelfmark_Original,PPN_Original,License
1869186427,Im Reiche des Indra,Ouvertüre,"Lincke, Paul (KomponistIn), https://d-nb.info/gnd/118573071","['Schönherr, Max (DirigentIn), https://d-nb.info/gnd/119100266']","['Deutsches Opernhaus Berlin (AusführendeR), https://d-nb.info/gnd/1215124-5']",zxx,1 Schellackplatte (2 Seiten),[Berlin],[zwischen 1947 und 1953],Imperial,Hergestellt unter der Zulassung Nr. B 503 der Nachrichtenkontrolle der Militärregierung | Erscheinungsdatum geschätzt,SPL 7111,181558565X,Public Domain Mark 1.0
1869185064,Frau Luna,Querschnitt durch die Operette : 1. [und] 2. Teil,"Lincke, Paul (KomponistIn), https://d-nb.info/gnd/118573071","['Rose, Traute (SängerIn), https://d-nb.info/gnd/131645161', 'Koch, Helmut (DirigentIn), https://d-nb.info/gnd/123994896']","['Deutsches Opernhaus Berlin (AusführendeR), https://d-nb.info/gnd/1215124-5']",ger,1 Schellackplatte (2 Seiten),[Berlin],[zwischen 1947 und 1953],Imperial,Hergestellt unter der Zulassung Nr. B-503 der Nachrichtenkontrolle der Militärregierung | Erscheinungsdatum nicht ermittelbar. Dieses Label erschien zwischen 1947 und 1953,SPL 12015,1860797547,Public Domain Mark 1.0
1869187369,Die Gigerlkönigin,Rheinländer,,"['Lincke, Paul (KomponistIn), https://d-nb.info/gnd/118573071', 'Werner-Kersten, Max (KomponistIn), https://d-nb.info/gnd/135402840', 'Lincke, Paul, https://d-nb.info/gnd/1076648118', 'Werner-Kersten, Max, https://d-nb.info/gnd/1125664975']","['Blas-Orchester Carl Woitschach (AusführendeR), https://d-nb.info/gnd/10176149-1']",zxx,1 Schellackplatte (2 Seiten),[Berlin],[um 1946],Telefunken,"Censure. G.M.F.G.B. Visa Nr. 1-4, II, 46 | Auf dem Spiegel eingraviert: G.-L | Erscheinungsdatum geschätzt",SPL 8008,1811324010,Public Domain Mark 1.0
1869187008,"Potpourri über Melodien der Operette ""Im Reiche des Indra""",,"Lincke, Paul (KomponistIn), https://d-nb.info/gnd/118573071",,"['Orchester Otto Dobrindt (AusführendeR), https://d-nb.info/gnd/5551426-1']",zxx,1 Schellackplatte (2 Seiten),[Berlin],[zwischen 1946 und 1949],Odeon,Hergestellt unter der Zulassung Nr. B-503 der Nachrichtenkontrolle der Militärregierung | Erscheinungsdatum geschätzt,SPL 5458,1815586168,Public Domain Mark 1.0
1869562755,"Querschnitt durch die Operette ""Frau Luna""",1. [und] 2. Teil,"Lincke, Paul (KomponistIn), https://d-nb.info/gnd/118573071","['Rose, Traute (SängerIn), https://d-nb.info/gnd/131645161', 'Koch, Helmut (DirigentIn), https://d-nb.info/gnd/123994896']","['Deutsches Opernhaus Berlin (AusführendeR), https://d-nb.info/gnd/5076846-3', 'Deutsches Opernhaus Berlin (AusführendeR), https://d-nb.info/gnd/1215124-5']",ger,1 Schellackplatte (2 Seiten),[Berlin],[1941?],Imperial,Hergestellt unter der Zulassungsnr. B-503 der Nachrichtenkontrolle der Militärregierung | Erscheinungsdatum geschätzt,SPL 8940,1513573926,Public Domain Mark 1.0
1869565002,Laßt den Kopf nicht hängen,Potpourri,"Lincke, Paul (KomponistIn), https://d-nb.info/gnd/118573071","['Etté, Bernard (DirigentIn), https://d-nb.info/gnd/103887490', 'Lincke, Paul, https://d-nb.info/gnd/1106575768', 'Lincke, Paul, https://d-nb.info/gnd/1106575822', 'Lincke, Paul, https://d-nb.info/gnd/1295239175', 'Lincke, Paul, https://d-nb.info/gnd/1302603108']","['Bernhard Etté und Sein Orchester (AusführendeR), https://d-nb.info/gnd/10282600-6']",ger,1 Schellackplatte (2 Seiten),[Berlin],[1938],Odeon,Erscheinungsdatum ermittelt,SPL 8961,1513578421,Public Domain Mark 1.0
1869563336,Verschmähte Liebe,Walzer,"Lincke, Paul (KomponistIn), https://d-nb.info/gnd/118573071","['Otto, Hansgeorg (DirigentIn), https://d-nb.info/gnd/126451567', 'Lincke, Paul, https://d-nb.info/gnd/1046209493', 'Lincke, Paul, https://d-nb.info/gnd/1072870134']","['Deutsches Opernhaus Berlin (AusführendeR), https://d-nb.info/gnd/1215124-5']",zxx,1 Schellackplatte (2 Seiten),[Deutschland],[1938?],Telefunken,Gravur auf dem Spiegel: G.-L. * | Erscheinungsdatum geschätzt,SPL 6686,1811902952,Public Domain Mark 1.0
1869563042,Geh'n wir noch ins Café,Marsch aus: Hochparterre links,"Lincke, Paul (KomponistIn), https://d-nb.info/gnd/118573071","['Lincke, Paul, https://d-nb.info/gnd/1308097050', 'Lincke, Paul, https://d-nb.info/gnd/1308097166']","['Blas-Orchester Carl Woitschach (AusführendeR), https://d-nb.info/gnd/10176149-1']",zxx,1 Schellackplatte (2 Seiten),[Verlagsort nicht ermittelbar],[1938?],Telefunken,Auf dem Spiegel: O.-Sch | Erscheinungsdatum geschätzt,SPL 7042,1811943187,Public Domain Mark 1.0
191578784X,Resi-Polka,,,"['Woitschach, Carl (KomponistIn), https://d-nb.info/gnd/135354781', 'Kollo, Walter (KomponistIn), https://d-nb.info/gnd/123942837', 'Kollo, Walter, https://d-nb.info/gnd/300762771']",,zxx,1 Schellackplatte (2 Seiten),[Berlin-Tempelhof],[zwischen 1937 und 1940],Telefunken Musikus,"Erscheinungsjahr ermittelt nach: Das Bilderlexikon der deutschen Schellack-Schallplatten. Band 5 (T-Z). Bear Family Records, 2019, S. 59",SPL 8009,1839398760,Public Domain Mark 1.0
1870051602,Die Gigerlkönigin,Rheinländer,,"['Lincke, Paul (KomponistIn), https://d-nb.info/gnd/118573071', 'Hoschna, Karl L. (KomponistIn), https://d-nb.info/gnd/135875374', 'Lincke, Paul, https://d-nb.info/gnd/1076648118', 'Hoschna, Karl L., https://d-nb.info/gnd/1274838118']","['Blas-Orchester Carl Woitschach (InstrumentalmusikerIn), https://d-nb.info/gnd/10176149-1']",zxx,1 Schellackplatte (2 Seiten),[Erscheinungsort nicht ermittelbar],[1937],Telefunken Musikus,Erscheinungsdatum ermittelt,SPL 5138,1811293867,Public Domain Mark 1.0
1869565134,Berliner Luft,Marsch,,"['Lincke, Paul (KomponistIn), https://d-nb.info/gnd/118573071', 'Philippi, Eugen (KomponistIn), https://d-nb.info/gnd/1264420951', 'Lincke, Paul, https://d-nb.info/gnd/1080830774', 'Philippi, Eugen, https://d-nb.info/gnd/130499497X']","['Otto Kermbach mit Seinem Orchester (AusführendeR), https://d-nb.info/gnd/16090509-6']",zxx,1 Schellackplatte (2 Seiten),[Berlin],[1937],Grammophon,Mechanisches Copyright: 1937,SPL 7108,1813257078,Public Domain Mark 1.0
187014600X,"Ouvertüre zu ""Grigri""",,"Lincke, Paul (KomponistIn), https://d-nb.info/gnd/118573071","['Seidler-Winkler, Bruno (DirigentIn), https://d-nb.info/gnd/127934561']",,zxx,1 Schellackplatte (2 Seiten),Berlin,[1936?],Electrola Gesellschaft,Erscheinungsdatum geschätzt,SPL 8897,1811332072,Public Domain Mark 1.0
1870147634,Schmeichelkätzchen,Salonstück,,"['Lincke, Paul (KomponistIn), https://d-nb.info/gnd/118573071', 'Eilenberg, Richard (KomponistIn), https://d-nb.info/gnd/116418893', 'Eilenberg, Richard, https://d-nb.info/gnd/1302610791', 'Lincke, Paul, https://d-nb.info/gnd/1302198963']","['Emil Roosz mit Seinem Tanzorchester, https://d-nb.info/gnd/6110029-8']",zxx,1 Schellackplatte (2 Seiten),Berlin-Reinickendorf,[vor 1935?],Deutsche Crystalate,Elektro-Record | Orchester | Erscheinungsdatum geschätzt,SPL 8666,1811945112,Public Domain Mark 1.0
1870146964,Berliner Luft,Ouvertüre,"Lincke, Paul (KomponistIn), https://d-nb.info/gnd/118573071",,"['Otto Kermbach mit Seinem Orchester (AusführendeR), https://d-nb.info/gnd/16090509-6']",zxx,1 Schellackplatte (2 Seiten),[Berlin],[1935],Deutsche Grammophon-Aktiengesellschaft,elektrische Aufnahme | Preisklasse C | Orchester | Mechanisches Copyright: 1935,SPL 7650,1813258198,Public Domain Mark 1.0
1870146727,Im Reiche des Indra,Ouverture,"Lincke, Paul (KomponistIn), https://d-nb.info/gnd/118573071",,"['Salon-Orchester Bernard Derksen (InstrumentalmusikerIn), https://d-nb.info/gnd/1295214121']",zxx,1 Schellackplatte (2 Seiten),Berlin-Reinickendorf,[vor 1935?],Kristall-Schallplatten,Orchester | Electro-Record | Erscheinungsdatum geschätzt,SPL 3526,1815271515,Public Domain Mark 1.0
1915784379,Holunderblüten und Maiennacht,Lied,"Kollo, Walter (KomponistIn), https://d-nb.info/gnd/123942837","['Bretschneider, Carl (TextdichterIn), https://d-nb.info/gnd/1250687152', 'Frey, Hermann (TextdichterIn), https://d-nb.info/gnd/1037812557', 'Ludwig, Walther (SängerIn), https://d-nb.info/gnd/118955055', 'Dobrindt, Otto (DirigentIn), https://d-nb.info/gnd/134360052', 'Kollo, Walter, https://d-nb.info/gnd/1288247931']",,ger,1 Schellackplatte (2 Seiten),[Berlin],[1934],Electrola Gesellschaft m.b.H.,Tenor mit Orch,SPL 5016,183849006X,Public Domain Mark 1.0
1870149041,Lasst den Kopf nicht hängen,"ein Potpourri, I. und II. Teil","Lincke, Paul (KomponistIn), https://d-nb.info/gnd/118573071","['Stenzel, Otto (DirigentIn), https://d-nb.info/gnd/1012667294', 'Mensing, Max (SängerIn), https://d-nb.info/gnd/142308277', 'Dorn, Paul (SängerIn), https://d-nb.info/gnd/135293588']","['Otto Stenzel von der Scala Berlin mit Seinem Tanzorchester (AusführendeR), https://d-nb.info/gnd/10279979-9']",ger,1 Schellackplatte (2 Seiten),[Berlin],[1934],Tempo,"Aufn.-Datum: [Berlin, ca. 1934] | Erscheinungsdatum anhand des Aufnahmedatums geschätzt",SPL 8613,1411081102,Public Domain Mark 1.0
1870148223,O Frühling wie bist du so schön,,,"['Lincke, Paul (KomponistIn), https://d-nb.info/gnd/118573071', 'Lehár, Franz (KomponistIn), https://d-nb.info/gnd/118571036', 'Lincke, Paul, https://d-nb.info/gnd/1151260401', 'Lehár, Franz, https://d-nb.info/gnd/300286902']",,zxx,1 Schellackplatte (2 Seiten),Berlin-Reinickendorf,[1934?],Kristall-Schallplatten,Elektro-Record | Orchester | Erscheinungsdatum ermittelt in http://www.musiktiteldb.de/Label/Kr_01.html,SPL 6275,1815209054,Public Domain Mark 1.0
1870151674,Gold und Silber,Walzer,,"['Lehár, Franz (KomponistIn), https://d-nb.info/gnd/118571036', 'Lincke, Paul (KomponistIn), https://d-nb.info/gnd/118573071', 'Lehár, Franz, https://d-nb.info/gnd/300090714', 'Lincke, Paul, https://d-nb.info/gnd/1071625608']","['Hans Bund mit Seinem Tanz-Orchester (AusführendeR), https://d-nb.info/gnd/10159965-1']",zxx,1 Schellackplatte (2 Seiten),[Berlin],[1933?],Telefunken,Erscheinungsdatum geschätzt,SPL 6159,1807756483,Public Domain Mark 1.0
1870151402,Die Liebe kam vom Märchenland,Lied,"Lincke, Paul (KomponistIn), https://d-nb.info/gnd/118573071","['Bolten-Baeckers, Heinrich (TextdichterIn), https://d-nb.info/gnd/116035765', 'Bollmann, Hans Heinz (SängerIn), https://d-nb.info/gnd/132362740', 'Dobrindt, Otto (DirigentIn), https://d-nb.info/gnd/134360052', 'Lincke, Paul, https://d-nb.info/gnd/1186207817', 'Lincke, Paul, https://d-nb.info/gnd/1186195010']",,ger,1 Schellackplatte (2 Seiten),[Berlin],[1933?],Carl Lindström A.-G.,Elektrische Aufnahme | Erscheinungsdatum geschätzt,SPL 3921,1810550475,Public Domain Mark 1.0
1870151054,Laternchen-Walzer,,,"['Lincke, Paul (KomponistIn), https://d-nb.info/gnd/118573071', 'Lautenschläger, Willi (KomponistIn), https://d-nb.info/gnd/130120561', 'Lincke, Paul, https://d-nb.info/gnd/1305011023', 'Lautenschläger, Willi, https://d-nb.info/gnd/130501233X']","['Salon-Orchester Fred Holms (InstrumentalmusikerIn), https://d-nb.info/gnd/1263880606']",zxx,1 Schellackplatte (2 Seiten),Berlin-Reinickendorf,[zwischen 1933 und 1937],Kristall-Schallplatten,Electro-Record | Orchester | Erscheinungsdatum geschätzt,SPL 6158,1811983928,Public Domain Mark 1.0
1881425991,"Schlösser, die im Monde liegen","Lied, aus der Operette ""Frau Luna""",,"['Lincke, Paul (KomponistIn), https://d-nb.info/gnd/118573071', 'Bolten-Baeckers, Heinrich (LibrettistIn), https://d-nb.info/gnd/116035765', 'Lehár, Franz (KomponistIn), https://d-nb.info/gnd/118571036', 'Léon, Victor (LibrettistIn), https://d-nb.info/gnd/115460608', 'Stein, Leo (LibrettistIn), https://d-nb.info/gnd/104278064', 'Tauber, Richard (SängerIn), https://d-nb.info/gnd/118620967', 'Hauke, Ernst (DirigentIn), https://d-nb.info/gnd/134400003', 'Lincke, Paul, https://d-nb.info/gnd/1186195010', 'Lehár, Franz, https://d-nb.info/gnd/300090811']","['Odeon-Künstler-Orchester (InstrumentalmusikerIn), https://d-nb.info/gnd/10280831-4']",ger,1 Schellackplatte (2 Seiten),[Berlin],[1932?],Carl Lindström A.-G.,"Kammersänger Richard Tauber, mit Odeon-Künstler-Orchester. Leitung: Kapellmeister Ernst Hauke | Erscheinungsdatum laut Aufnahmedatum geschätzt",SPL 3001,1807129179,Public Domain Mark 1.0
1870260910,Im Glockentempel,(Studie aus Peking),,"['Yoshitomo (KomponistIn), https://d-nb.info/gnd/120306862X', 'Lincke, Paul (KomponistIn), https://d-nb.info/gnd/118573071', 'Christoph, Erwin (InstrumentalmusikerIn), https://d-nb.info/gnd/1062095960', 'Yoshitomo, https://d-nb.info/gnd/130501328X', 'Lincke, Paul, https://d-nb.info/gnd/1094723894']",,ger,1 Schellackplatte (2 Seiten),[Berlin],[1932],Telefunken,"Auf dem Spiegel eingraviert: ""Fu. Se.""",SPL 2593,1430361514,Public Domain Mark 1.0
1870260589,Glühwürmchen-Idyll,"aus der Operette ""Lysistrata""","Lincke, Paul (KomponistIn), https://d-nb.info/gnd/118573071","['Grüber, Georg (DirigentIn), https://d-nb.info/gnd/1261020669', 'Lincke, Paul, https://d-nb.info/gnd/1295116278', 'Lincke, Paul, https://d-nb.info/gnd/1094723894']",,zxx,1 Schellackplatte (2 Seiten),Berlin,[zwischen 1932 und 1942],"Schallplatten-Volksverband, Clangor-Schallplatten G.M.B.H.","Elektrische Aufnahme | Erscheinungsdatum geschätzt nach Lotz, R. u.a.: Das Bilderlexikon der deutschen Schellack-Schallplatten, Band 1, Seite 372. - Holste, 2019",SPL 4682,1513583964,Public Domain Mark 1.0
1870153928,Freut euch des Lebens!,Gesangs- und Tanzpotpourri : 1. Teil [und] 2. Teil,"Lincke, Paul (KomponistIn), https://d-nb.info/gnd/118573071","['Flessburg, Alexander (SängerIn), https://d-nb.info/gnd/134374487', 'Lincke, Paul, https://d-nb.info/gnd/1302603108']","['Orchester Otto Kermbach (AusführendeR), https://d-nb.info/gnd/10295345-4']",ger,1 Schellackplatte (2 Seiten),[Berlin],[1932],Carl Lindström A.-G.,Erscheinungsdatum laut Aufnahmedatum geschätzt,SPL 4811,1804461598,Public Domain Mark 1.0
1870153421,Lunawalzer,"aus der Operette ""Frau Luna""","Lincke, Paul (KomponistIn), https://d-nb.info/gnd/118573071","['Lincke, Paul, https://d-nb.info/gnd/1071625608', 'Lincke, Paul, https://d-nb.info/gnd/1151260401']",,zxx,1 Schellackplatte (2 Seiten),Berlin,[zwischen 1932 umd 1942],Clangor-Schallplatten,Erscheinungsdatum nicht ermittelbar. Dieses Label erschien zwischen 1932 und 1942,SPL 7043,1807566595,Public Domain Mark 1.0
1870152425,Mattinata,,,"['Lincke, Paul (KomponistIn), https://d-nb.info/gnd/118573071', 'Leoncavallo, Ruggiero (KomponistIn), https://d-nb.info/gnd/118779559', 'Steinkopf, Hans (DirigentIn), https://d-nb.info/gnd/134529944', 'Lincke, Paul, https://d-nb.info/gnd/1125893605', 'Leoncavallo, Ruggiero, https://d-nb.info/gnd/300091362']",,zxx,1 Schellackplatte (2 Seiten),Berlin,[zwischen 1932 und 1942],"Schallplatten-Volksverband, Clangor-Schallplatten",elektrische Aufnahme | Erscheinungsdatum nicht ermittelbar. Dieses Label erschien zwischen 1932 und 1942,SPL 7041,1811281370,Public Domain Mark 1.0
1870152158,Lysistrata-Walzer,"aus der Operette ""Lysistrata""","Lincke, Paul (KomponistIn), https://d-nb.info/gnd/118573071","['Lincke, Paul, https://d-nb.info/gnd/1150194901', 'Lincke, Paul, https://d-nb.info/gnd/1305012542']","['Orchester Otto Dobrindt (InstrumentalmusikerIn), https://d-nb.info/gnd/5551426-1']",zxx,1 Schellackplatte (2 Seiten),[Berlin],[1932?],Carl Lindström A.-G.,elektrische Aufnahme | Erscheinungsdatum geschätzt,SPL 10330,1811327796,Public Domain Mark 1.0
187015195X,Herbststimmung,,,"['Lincke, Paul (KomponistIn), https://d-nb.info/gnd/118573071', 'Becucci, Ernesto (KomponistIn), https://d-nb.info/gnd/1015761259', 'Lincke, Paul, https://d-nb.info/gnd/1301948713', 'Becucci, Ernesto, https://d-nb.info/gnd/1151354120']","['Erica von Hausmann mit ihrem Wiener Walzer-Orchester (AusführendeR), https://d-nb.info/gnd/126380571X']",zxx,1 Schellackplatte (2 Seiten),[Berlin],[1932],Carl Lindström A.-G.,"Elektrische Aufnahme | Auf dem Spiegel eingraviert ""D"" | Erscheinungsdatum geschätzt",SPL 8567,1811906184,Public Domain Mark 1.0
1870263448,Glühwürmchen-Idyll,"aus der Operette ""Lysistrata""","Lincke, Paul (KomponistIn), https://d-nb.info/gnd/118573071","['Lincke, Paul, https://d-nb.info/gnd/1094723894', 'Lincke, Paul, https://d-nb.info/gnd/1258981807']",,zxx,1 Schellackplatte (2 Seiten),[Berlin],[zwischen 1931 und 1933],Carl Lindström A.-G.,Elektrische Aufnahme | Erscheinungsdatum ermittelt,SPL 6173,1809444322,Public Domain Mark 1.0
1870262360,Hochzeitsständchen,,,"['Klose, Oscar (KomponistIn), https://d-nb.info/gnd/140195149', 'Lincke, Paul (KomponistIn), https://d-nb.info/gnd/118573071', 'Klose, Oscar, https://d-nb.info/gnd/1148444149', 'Lincke, Paul, https://d-nb.info/gnd/1125893605']","[""Fank Sandler's Künstler-Orchester (AusführendeR), https://d-nb.info/gnd/1263163149""]",zxx,1 Schellackplatte (2 Seiten),[Berlin],[1931?],Carl Lindström A.-G.,Elektrische Aufnahme | Erscheinungsdatum geschätzt,SPL 8813,1811269516,Public Domain Mark 1.0
1870261801,Nakiris Hochzeit,Ouvertüre 1. [und] 2. Teil,"Lincke, Paul (KomponistIn), https://d-nb.info/gnd/118573071","['Lincke, Paul, https://d-nb.info/gnd/300555768']",,zxx,1 Schellackplatte (2 Seiten),[Berlin],[zwischen 1931 und 1933],Carl Lindström A.-G.,Erscheinungsdatum geschätzt,SPL 5909,1811945007,Public Domain Mark 1.0
1870261550,Sirenenzauber,Walzer = Les sirénes,,"['Waldteufel, Emil (KomponistIn), https://d-nb.info/gnd/119314622', 'Lincke, Paul (KomponistIn), https://d-nb.info/gnd/118573071', 'Waldteufel, Emil, https://d-nb.info/gnd/30028909X', 'Lincke, Paul, https://d-nb.info/gnd/1151260401']","['Wiener Bohème-Orchester (InstrumentalmusikerIn), https://d-nb.info/gnd/16130534-9']",zxx,1 Schellackplatte (2 Seiten),[Berlin],[1931?],Odeon,Erscheinungsdatum geschätzt,SPL 7132,1815244062,Public Domain Mark 1.0
1870263715,Ballsirenen-Walzer,"aus der Operette ""Die lustige Witwe""",,"['Lehár, Franz (KomponistIn), https://d-nb.info/gnd/118571036', 'Lincke, Paul (KomponistIn), https://d-nb.info/gnd/118573071', 'Lehár, Franz, https://d-nb.info/gnd/1066727457', 'Lincke, Paul, https://d-nb.info/gnd/1151260401']",,zxx,1 Schellackplatte (2 Seiten),"Amsterdam, Berlin",22.01.1930,N.V. Küchenmeister's Internationale Ultraphoon Maatschappij,"Elektrische Aufnahme | Erscheinungsdatum ""22.1.30"" auf dem Etikett eingraviert",SPL 7867,1815209453,Public Domain Mark 1.0
1870377907,Im Walzerrausch,"Walzer aus ""Halloh, die große Revue""","Lincke, Paul (KomponistIn), https://d-nb.info/gnd/118573071","['Lincke, Paul, https://d-nb.info/gnd/1072870134', 'Lincke, Paul, https://d-nb.info/gnd/1046209493']","['Staatskapelle Berlin (InstrumentalmusikerIn), https://d-nb.info/gnd/5074733-2']",zxx,1 Schellackplatte (2 Seiten),[Berlin],[1929?],Odeon,Erscheinungsdatum geschätzt,SPL 5031,1805960296,Public Domain Mark 1.0
1870377613,"O Frühling, wie bist du so schön",Walzer,,"['Lincke, Paul (KomponistIn), https://d-nb.info/gnd/118573071', 'Orth, Chas. J. (KomponistIn), https://d-nb.info/gnd/1260008959', 'Dobrindt, Otto (DirigentIn), https://d-nb.info/gnd/134360052', 'Lincke, Paul, https://d-nb.info/gnd/1151260401', 'Orth, Chas. J., https://d-nb.info/gnd/1260055639']","['Beka-Streich-Orchester (InstrumentalmusikerIn), https://d-nb.info/gnd/1260054373']",zxx,1 Schellackplatte (2 Seiten),[Germany],[1929?],Carl Lindström A.-G.,Erscheinungsdatum anhand des Aufnahmedatums geschätzt,SPL 8646,1807152588,Public Domain Mark 1.0
1870377257,Luna-Walzer,"aus der Operette ""Frau Luna""",,"['Lincke, Paul (KomponistIn), https://d-nb.info/gnd/118573071', 'Translateur, Siegfried (KomponistIn), https://d-nb.info/gnd/134541898', 'Lincke, Paul, https://d-nb.info/gnd/1071625608', 'Translateur, Siegfried, https://d-nb.info/gnd/300163355']","['Orchester Otto Dobrindt (AusführendeR), https://d-nb.info/gnd/5551426-1']",zxx,1 Schellackplatte (2 Seiten),[Deutschland],[1929?],Derby,Erscheinungsdatum geschätzt,SPL 7136,1807557367,Public Domain Mark 1.0
187026407X,Der komische Salat,,,"['Lincke, Paul (KomponistIn), https://d-nb.info/gnd/118573071', 'Valentin, Karl (TextdichterIn), https://d-nb.info/gnd/118625896', 'Karlstadt, Liesl (AusführendeR), https://d-nb.info/gnd/118560247', 'Lincke, Paul, https://d-nb.info/gnd/1305571592', 'Valentin, Karl, https://d-nb.info/gnd/1305573218']",,ger,1 Schellackplatte (2 Seiten),[Berlin],[1929],Homocord,Elektrisch aufgenommen | Mechanisches Copyright: 1929,SPL 7667,1815637943,Public Domain Mark 1.0
187049976X,"O Jugend, wie bist du so schön",,,"['Abt, Franz (KomponistIn), https://d-nb.info/gnd/102199175', 'Lincke, Paul (KomponistIn), https://d-nb.info/gnd/118573071', 'Völker, Franz (SängerIn), https://d-nb.info/gnd/123633524', 'Abt, Franz, https://d-nb.info/gnd/1104760665', 'Abt, Franz, https://d-nb.info/gnd/1073337782', 'Lincke, Paul, https://d-nb.info/gnd/1104760878', 'Lincke, Paul, https://d-nb.info/gnd/300092237']",,ger,1 Schellackplatte (2 Seiten),Berlin,[1928],Deutsche Grammophon-Aktiengesellschaft,"Tenor | Elektrisch | Polyfar.R, GM | Verlag: Apollo Berlin | Mechanisches Copyright auf dem Spiegel: 1928",SPL 11951,1513545124,Public Domain Mark 1.0
1870499484,"O Jugend, wie bist du so schön",,"Abt, Franz (KomponistIn), https://d-nb.info/gnd/102199175","['Lincke, Paul (KomponistIn), https://d-nb.info/gnd/118573071', 'Völker, Franz (SängerIn), https://d-nb.info/gnd/123633524', 'Abt, Franz, https://d-nb.info/gnd/1104760665', 'Abt, Franz, https://d-nb.info/gnd/1073337782', 'Lincke, Paul, https://d-nb.info/gnd/1104760878', 'Lincke, Paul, https://d-nb.info/gnd/300092237']",,ger,1 Schellackplatte (2 Seiten),Berlin,[1928],Deutsche Grammophon-Aktiengesellschaft,"Tenor | Elektrisch | Polyfar.R, GM | Verlag: Apollo Berlin | Mechanisches Copyright auf dem Spiegel: 1928",SPL 5288,1513545124,Public Domain Mark 1.0
1870379179,Geburtstagsplatte,,,"['Lincke, Paul (KomponistIn), https://d-nb.info/gnd/118573071', 'Bendix, Paul (AusführendeR), https://d-nb.info/gnd/135076013', 'Lincke, Paul, https://d-nb.info/gnd/1125893605']","['Nebe-Quartett (AusführendeR), https://d-nb.info/gnd/16062064-8']",ger,1 Schellackplatte (2 Seiten),[Berlin],[1928],Tri-Ergon,Photo-Electro-Record | Erscheinungsdatum anhand des Aufnahmedatums geschätzt,SPL 6155,1811287506,Public Domain Mark 1.0
1870378911,Nakiri's Hochzeit,Ob du mich liebst,,"['Lincke, Paul (KomponistIn), https://d-nb.info/gnd/118573071', 'Koss, Henning von (KomponistIn), https://d-nb.info/gnd/137954239', 'Völker, Franz (SängerIn), https://d-nb.info/gnd/123633524', 'Lincke, Paul, https://d-nb.info/gnd/1251651496', 'Koss, Henning von, https://d-nb.info/gnd/119059711X']",,ger,1 Schellackplatte (2 Seiten),Berlin,[1928],Deutsche Grammophon Aktiengesellschaft,"elektrische Aufnahme | Verlag: Scharff, Weimar (Winterlied) | Mechanisches Copyright: 1928",SPL 3488,1811944930,Public Domain Mark 1.0
1870378695,Glühwürmchen-Idyll,"""Lysistrata""",,"['Lincke, Paul (KomponistIn), https://d-nb.info/gnd/118573071', 'Lacombe, Paul (KomponistIn), https://d-nb.info/gnd/119186020', 'Lincke, Paul, https://d-nb.info/gnd/1094723894', 'Lacombe, Paul, https://d-nb.info/gnd/1079036075']","['Paul Godwin & das Künstlerensemble (AusführendeR), https://d-nb.info/gnd/10346920-5']",ger,1 Schellackplatte (2 Seiten),Berlin,1928,Deutsche Grammophon Aktiengesellschaft,Orchester | Mechanisches Copyright: 1928,SPL 7484,1813331057,Public Domain Mark 1.0
1870378326,Münchner Kindl,,,"['Lincke, Paul (KomponistIn), https://d-nb.info/gnd/118573071', 'Komzák, Karl (KomponistIn), https://d-nb.info/gnd/118884115', 'Komzák, Karl, https://d-nb.info/gnd/300184077', 'Lincke, Paul, https://d-nb.info/gnd/1151260401']","['Clausophon-Streich-Orchester (InstrumentalmusikerIn), https://d-nb.info/gnd/16080894-7']",zxx,1 Schellackplatte (2 Seiten),[Berlin],[zwischen 1928 und 1930],Clausophon,"Erscheinungsdatum geschätzt nach Lotz, R. u.a.: Das Bilderlexikon der deutschen Schellack-Schallplatten, Band 1, Seite 380. - Holste, 2019",SPL 10158,1815209534,Public Domain Mark 1.0
1870378156,Im Reiche des Indra,Ouvertüre,,"['Lincke, Paul (KomponistIn), https://d-nb.info/gnd/118573071', 'Conradi, August (KomponistIn), https://d-nb.info/gnd/116655224', 'Guttmann, Artur (DirigentIn), https://d-nb.info/gnd/1011429276', 'Lincke, Paul, https://d-nb.info/gnd/1295116278', 'Conradi, August, https://d-nb.info/gnd/1093190345']","['Universum-Film AG (InstrumentalmusikerIn), https://d-nb.info/gnd/16012036-6']",zxx,1 Schellackplatte (2 Seiten),[Berlin],[1928],Odeon,Erscheinungsdatum geschätzt,SPL 1454,1815583916,Public Domain Mark 1.0
1915791820,"Schöne Frau, komm zu mir heut' Nacht","Valse boston aus der Haller-Revue ""Wann und wo?""","Kollo, Walter (KomponistIn), https://d-nb.info/gnd/123942837",,"['Dajos-Béla-Tanzorchester (AusführendeR), https://d-nb.info/gnd/10147469-6']",zxx,1 Schellackplatte (2 Seiten),[Berlin],1927,Carl Lindström A.-G.,Wann und wo kann ich dich wiedersehen [=Marschlied],SPL 8463,1840608013,Public Domain Mark 1.0
1915791472,Hallelujah!,Foxtrot,,"['Kollo, Walter (KomponistIn), https://d-nb.info/gnd/123942837', 'Briggs, Arthur (InstrumentalmusikerIn), https://d-nb.info/gnd/118515330', 'Youmans, Vincent (KomponistIn), https://d-nb.info/gnd/11880815X', 'Kollo, Walter, https://d-nb.info/gnd/1288246099']",['Savoy Syncopators Orchestra'],zxx,1 Schellackplatte (2 Seiten),[S.l.],[1927],Clausophon Record,,SPL 8432,1840600217,Public Domain Mark 1.0
1915786754,"""Wann und wo""",Winkt dir ein Mund : Blues,"Kollo, Walter (KomponistIn), https://d-nb.info/gnd/123942837",,"['Haller Revue Orchester (AusführendeR), https://d-nb.info/gnd/10346915-1']",zxx,1 Schellackplatte (2 Seiten),[S.l.],1927,Grammophon,"Die Aufnahmen basieren auf der Notenausgabe vom Rondo-Verlag, Berlin",SPL 7244,1839291710,Public Domain Mark 1.0
1870501101,Siamesische Wachtparade,Charakterstück,,"['Lincke, Paul (KomponistIn), https://d-nb.info/gnd/118573071', 'Jessel, Léon (KomponistIn), https://d-nb.info/gnd/119285517', 'Lincke, Paul, https://d-nb.info/gnd/1302198963', 'Jessel, Léon, https://d-nb.info/gnd/301004889']","['Paul Godwin & das Künstlerensemble (AusführendeR), https://d-nb.info/gnd/10346920-5']",zxx,1 Schellackplatte (2 Seiten),Berlin,1927,Deutsche Grammophon-Aktiengesellschaft,Mechanisches Copyright,SPL 8651,1693008874,Public Domain Mark 1.0
1870500547,Die Parade der Zinnsoldaten,Charakterstück,,"['Jessel, Léon (KomponistIn), https://d-nb.info/gnd/119285517', 'Lincke, Paul (KomponistIn), https://d-nb.info/gnd/118573071', 'Jessel, Léon, https://d-nb.info/gnd/301004889', 'Lincke, Paul, https://d-nb.info/gnd/1302198963']","['Dajos-Béla-Tanzorchester (InstrumentalmusikerIn), https://d-nb.info/gnd/10147469-6']",zxx,1 Schellackplatte (2 Seiten),[Berlin],[1927?],Odeon,Erscheinungsdatum geschätzt,SPL 8630,1809289637,Public Domain Mark 1.0
1870500245,"O Frühling, wie bist du so schön",Walzer,,"['Lincke, Paul (KomponistIn), https://d-nb.info/gnd/118573071', 'Moret, Neil (KomponistIn), https://d-nb.info/gnd/1117733459', 'Lincke, Paul, https://d-nb.info/gnd/1151260401', 'Moret, Neil, https://d-nb.info/gnd/130518727X']","['Paul Godwin & das Künstlerensemble (AusführendeR), https://d-nb.info/gnd/10346920-5']",zxx,1 Schellackplatte (2 Seiten),Berlin,1927,Deutsche Grammophon-Aktiengesellschaft,Deutsch | Orchester | Mechanisches Copyright: 1927,SPL 9229,1815209321,Public Domain Mark 1.0
187050013X,Pa Pa Pa Pauline,lustiger Dreigesang,,"['Junghähnel, Oscar (KomponistIn), https://d-nb.info/gnd/127663177', 'Lincke, Paul (ArrangeurIn), https://d-nb.info/gnd/118573071', 'Rolla, Charles (KomponistIn), https://d-nb.info/gnd/1309270694', 'Lokay, Erich (InstrumentalmusikerIn), https://d-nb.info/gnd/1309984735', 'Junghähnel, Oscar, https://d-nb.info/gnd/1310105332', 'Rolla, Charles, https://d-nb.info/gnd/1309272174']","['Das Heitere Oberschlesische Funkquartett (SängerIn), https://d-nb.info/gnd/131006959X']",ger,1 Schellackplatte (2 Seiten),[Berlin],[1927],Grammophon,"Deutsch | Quartett | Verlag: Franz Dietrich, Leipzig | Mechanisches Copyright: 1927",SPL 10268,1815254629,Public Domain Mark 1.0
191601139X,"""Angora"" (Sie... und ihre Miezekatz'!)",Shimmy und Samba,,"['Stafford, Frank (KomponistIn), https://d-nb.info/gnd/1203157460', 'Kollo, Walter (KomponistIn), https://d-nb.info/gnd/123942837', 'Schachmeister, Efim (InstrumentalmusikerIn), https://d-nb.info/gnd/1287855644', 'Kollo, Walter, https://d-nb.info/gnd/130912650X']",,zxx,1 Schellackplatte (2 Seiten),[Berlin],[1924],Grammophon,"Hergestellt von der Deutschen Grammophon-Aktiengesellschaft, Berlin | Die Aufnahmen basieren auf den Notenausgaben vom Karl Brüll Verlag, Berlin (Seite A) bzw. dem Verlag Vuvag, Berlin (Seite B)",SPL 8958,1844501469,Public Domain Mark 1.0
1916009697,Der erste Kuß,"aus der großen Revue ""Noch und Noch""","Kollo, Walter (KomponistIn), https://d-nb.info/gnd/123942837",,,zxx,1 Schellackplatte (2 Seiten),[S.l.],[1924?],Homocord,Arpád Varosz | Weitere Angaben im Spiegel: A 15 12 24 (Seite 1); A 9 12 24 (Seite 2),SPL 8858,1842026658,Public Domain Mark 1.0
1916007848,Frühlingsträume,"(Was eine Frau im Frühling träumt) : Shimmy-blues a. d. Operette ""Marietta""","Kollo, Walter (KomponistIn), https://d-nb.info/gnd/123942837",,,zxx,1 Schellackplatte (2 Seiten),[Berlin],[1924],Odeon,,SPL 8606,1840968168,Public Domain Mark 1.0
1916012914,Küsse mich,"Apachenlied aus ""Drunter und drüber",,"['Kollo, Walter (KomponistIn), https://d-nb.info/gnd/123942837', 'Gallagher, Edward (KomponistIn), https://d-nb.info/gnd/1128345625', 'Shean, Al (KomponistIn), https://d-nb.info/gnd/14091174X', 'Fesca, Jenö (InstrumentalmusikerIn), https://d-nb.info/gnd/1313646377', 'Kollo, Walter, https://d-nb.info/gnd/1280560037', 'Gallagher, Edward, https://d-nb.info/gnd/1128438011']",,zxx,1 Schellackplatte (2 Seiten),[S.l.],[1923 oder 1924?],Homocord,Weitere Angaben im Spiegel: A 26 2 26 (Seite A); A 21 2 24 (Seite B),SPL 9194,1842711687,Public Domain Mark 1.0
1914890841,Küsse mich,"Apachenlied aus der gr. Revue ""Drunter und Drüber""","Kollo, Walter (KomponistIn), https://d-nb.info/gnd/123942837","['Kollo, Walter, https://d-nb.info/gnd/1280560037']","['Dajos-Béla-Tanzorchester (InstrumentalmusikerIn), https://d-nb.info/gnd/10147469-6']",zxx,1 Schellackplatte (2 Seiten),[Berlin],[1923],Odeon,,SPL 2196,1833839757,Public Domain Mark 1.0
1914889851,Wenn du dich willst mit einer Maid verloben,"Shimmy aus ""Drunter und Drüber""","Kollo, Walter (KomponistIn), https://d-nb.info/gnd/123942837","['Weber, Marek (MusikalischeR LeiterIn), https://d-nb.info/gnd/1052923755', 'Kollo, Walter, https://d-nb.info/gnd/1280560037']",,zxx,1 Schellackplatte (2 Seiten),"[Berlin], [Germany]",[1923],Carl Lindström A.-G.,,SPL 1698,1833765532,Public Domain Mark 1.0
1916012264,Lady Chic,Kind wie kann man treu sein : One step,"Kollo, Walter (KomponistIn), https://d-nb.info/gnd/123942837","['Weber, Marek (AusführendeR), https://d-nb.info/gnd/1052923755', 'Kollo, Walter, https://d-nb.info/gnd/1309121680']",,zxx,1 Schellackplatte (2 Seiten),[Germany],[1922],Carl Lindström AG,,SPL 9164,184306670X,Public Domain Mark 1.0
1870611624,Gratulationsmarsch,,,"['Lindsay-Theimer, John (KomponistIn), https://d-nb.info/gnd/14066632X', 'Lincke, Paul (KomponistIn), https://d-nb.info/gnd/118573071', 'Lindsay-Theimer, John, https://d-nb.info/gnd/1305845684', 'Lincke, Paul, https://d-nb.info/gnd/1125893605']","['Beka-Blas-Orchester (InstrumentalmusikerIn), https://d-nb.info/gnd/126317485X']",zxx,1 Schellackplatte (2 Seiten),[Berlin],[1922?],Beka,Erscheinungsdatum anhand des Aufnahmedatums geschätzt,SPL 9910,1811285201,Public Domain Mark 1.0
1916012558,Ich möchte mal,"Foxtrot aus der Operette ""Die Königin der Nacht""","Kollo, Walter (KomponistIn), https://d-nb.info/gnd/123942837","['Kollo, Walter, https://d-nb.info/gnd/1308823622']",,zxx,1 Schellackplatte (2 Seiten),[Berlin],[zwischen 1921 und 1924],Grammophon,"Die Aufnahmen basieren auf der Notenausgabe vom Kollo-Verlag GmbH, Berlin | Erscheinungsjahr ermittelt nach: Das Bilderlexikon der deutschen Schellack-Schallplatten. Band 2 (E-I). Bear Family Records, 2019, S. 265",SPL 9188,1843063123,Public Domain Mark 1.0
1916008526,Wenn die Frühlingsluft mal den Jüngling bufft,"aus ""Der selige Balduin""","Kollo, Walter (KomponistIn), https://d-nb.info/gnd/123942837","['Kollo, Walter, https://d-nb.info/gnd/1288246730']","['Odeon Werke (AusführendeR), https://d-nb.info/gnd/1063689406']",ger,1 Schellackplatte (2 Seiten),[Berlin],[zwischen 1921 und 1926],Odeon Record,,SPL 8733,1841217859,Public Domain Mark 1.0
1870612175,Im Reiche des Indra,Ouvertüre,"Lincke, Paul (KomponistIn), https://d-nb.info/gnd/118573071",,"['Paul Godwin & das Künstlerensemble (AusführendeR), https://d-nb.info/gnd/10346920-5']",zxx,1 Schellackplatte (2 Seiten),Berlin,[zwischen 1920 und1924],Deutsche Grammophon-Aktiengesellschaft,Deutsch | Orchester | Erscheinungsdatum nicht ermittelbar. Dieses Label erschien zwischen 1920 und 1924,SPL 8526,1815271590,Public Domain Mark 1.0
1915483964,Schiebermaxe,,"Kollo, Walter (KomponistIn), https://d-nb.info/gnd/123942837","['Frey, Hermann (TextdichterIn), https://d-nb.info/gnd/1037812557', 'Kollo, Walter, https://d-nb.info/gnd/1315450542']","['Artiphon-Orchester (AusführendeR), https://d-nb.info/gnd/16148488-8']",ger,1 Schellackplatte (2 Seiten),[Berlin],[1919?],Artiphon Record,,SPL 3930,1830524127,Public Domain Mark 1.0
1916010962,"Walzer aus der Operette ""Drei alte Schachteln""",,"Kollo, Walter (KomponistIn), https://d-nb.info/gnd/123942837","['Kollo, Walter, https://d-nb.info/gnd/30089628X', 'Kollo, Walter, https://d-nb.info/gnd/1068592338']",,zxx,1 Schellackplatte (2 Seiten),[S.l.],[1917?],Dacaopo-Lyrophon-Record,,SPL 8882,1842087509,Public Domain Mark 1.0
1915493781,Unter den Brücken von Paris,Walzer,,"['Scotto, Vincent (KomponistIn), https://d-nb.info/gnd/124396445', 'Kollo, Walter (KomponistIn), https://d-nb.info/gnd/123942837', 'Kollo, Walter, https://d-nb.info/gnd/1283040476']",,zxx,1 Schellackplatte (2 Seiten),[Berlin],[zwischen 1915 und 1919],Grammophon,"Hergestellt von der Deutschen Grammophon-Aktiengesellschaft, Berlin | Die Aufnahmen basieren auf der Notenausgabe vom Otto Junne Verlag, Leipzig (Seite 1) bzw. dem Drei-Masken-Verlag (Seite 2) | Erscheinungsjahr ermittelt nach: Das Bilderlexikon der deutschen Schellack-Schallplatten. Band 2 (E-I). Bear Family Records, 2019, S. 261",SPL 4945,1838276084,Public Domain Mark 1.0
1915492610,Alle Englein lachen,"aus ""Wenn zwei Hochzeit machen""","Kollo, Walter (KomponistIn), https://d-nb.info/gnd/123942837","['Weise, Lisa (SängerIn), https://d-nb.info/gnd/1229609695', 'Sabo, Oscar (SängerIn), https://d-nb.info/gnd/116713569', 'Kenter, Else (SängerIn), https://d-nb.info/gnd/1062291808', 'Schünzel, Reinhold (SängerIn), https://d-nb.info/gnd/118892223', 'Kollo, Walter, https://d-nb.info/gnd/1307949959']",,ger,1 Schellackplatte (2 Seiten),[Berlin],[zwischen 1915 und 1919],Grammophon,"Hergestellt von der Deutschen Grammophon-Aktiengesellschaft, Berlin | Die Aufnahme basiert auf der Notenausgabe vom Drei-Masken-Verlag | Duett | Erscheinungsjahr ermittelt nach: Das Bilderlexikon der deutschen Schellack-Schallplatten. Band 2 (E-I). Bear Family Records, 2019, S. 261",SPL 3942,1837983100,Public Domain Mark 1.0
1915477611,Die Augen einer schönen Frau,"aus ""Immer feste druff""","Kollo, Walter (KomponistIn), https://d-nb.info/gnd/123942837","['Werkmeister, Lotte (SängerIn), https://d-nb.info/gnd/117296015', 'Heidemann, Paul (SängerIn), https://d-nb.info/gnd/116604832', 'Kollo, Walter, https://d-nb.info/gnd/1283040476']",,ger,1 Schellackplatte (2 Seiten),[Berlin],[1915?],Grammophon,"Gesungen von Lotti Werkmeister u. Paul Heidemann, mit Orchester | Hergestellt von der Deutschen Grammophon-Aktiengesellschaft, Berlin | Basiert auf der Notenausgabe vom Drei-Masken-Verlag | Duett",SPL 3635,1835755607,Public Domain Mark 1.0
1914902971,"Potpourri, aus ""Extrablätter""",heitere Bilder aus ernster Zeit,,"['Kollo, Walter (KomponistIn), https://d-nb.info/gnd/123942837', 'Bredschneider, Willy (KomponistIn), https://d-nb.info/gnd/116469471', 'Weise, Lisa (SängerIn), https://d-nb.info/gnd/1229609695', 'Dora, Josefine (SängerIn), https://d-nb.info/gnd/1060065258', 'Sabo, Oscar (SängerIn), https://d-nb.info/gnd/116713569']",,ger,1 Schellackplatte (2 Seiten),[Berlin],[1915],Grammophon,"Terzett m. Orch | Hergestellt von der Deutschen Grammophon-Aktiengesellschaft, Berlin | Aufnahme basiert auf der Notenausgabe vom Drei-Masken-Verlag | Enthält Teil I (Seite A) und Teil II (Seite B)",SPL 3613,1835749488,Public Domain Mark 1.0
1915492971,"Ich glaube, da liegt 'ne Taube","Duett aus ""Extrablätter"", heitere Bilder aus ernster Zeit","Kollo, Walter (KomponistIn), https://d-nb.info/gnd/123942837","['Weise, Lisa (SängerIn), https://d-nb.info/gnd/1229609695', 'Sabo, Oscar (SängerIn), https://d-nb.info/gnd/116713569', 'Rex, Eugen (SängerIn), https://d-nb.info/gnd/11645766X']",,ger,1 Schellackplatte (2 Seiten),[Berlin],[1914 oder 1915],Grammophon,"Die Aufnahme basiert auf der Notenausgabe vom Drei-Masken-Verlag | Duett mit Orchesterbegleitung (Seite 1), Tenor mit Chor (Seite 2) | Hergestellt von der Deutschen Grammophon-Aktiengesellschaft, Berlin",SPL 3964,1838119485,Public Domain Mark 1.0
1870612663,Vive l'amour,Wenn im Lenz die Knospen sprießen,"Lincke, Paul (KomponistIn), https://d-nb.info/gnd/118573071","['Wiedecke, Grete (SängerIn), https://d-nb.info/gnd/1146283105', 'Nebe, Carl (SängerIn), https://d-nb.info/gnd/1029802785', 'Lincke, Paul, https://d-nb.info/gnd/1296063763', 'Lincke, Paul, https://d-nb.info/gnd/1307615023']",,ger,1 Schellackplatte (2 Seiten),Berlin,[um 1914?],Deutsche Grammophon-Aktiengesellschaft,Duet w. orch | Bass w. choir and orch | (Apollo-Verlag),SPL 3625,181133007X,Public Domain Mark 1.0
1870612396,Von der Heimat weitab,"Finale II. Akt (Grigri-Walzer) aus ""Grigri""","Lincke, Paul (KomponistIn), https://d-nb.info/gnd/118573071","['Bolten-Baeckers, Heinrich (TextdichterIn), https://d-nb.info/gnd/116035765', 'Chancel, Jules (TextdichterIn), https://d-nb.info/gnd/1026236436', 'Bachrich, Susanne (SängerIn), https://d-nb.info/gnd/1078457506', 'Bockmann, August (SängerIn), https://d-nb.info/gnd/1072013037']",,ger,1 Schellackplatte (2 Seiten),[Berlin],[um 1914?],Deutsche Grammophon Aktiengesellschaft,"Apollo-Verlag | Duet w. orch | soprano w. orch | Erscheinungsdatum geschätzt nach Lotz, R. u.a.: Das Bilderlexikon der deutschen Schellack-Schallplatten, Band 2, Seite 254/255. - Holste, 2019",SPL 4530,1811331068,Public Domain Mark 1.0
191578557X,Die Männer sind alle Verbrecher,"aus ""Wie einst im Mai""","Kollo, Walter (KomponistIn), https://d-nb.info/gnd/123942837","['Kollo, Walter, https://d-nb.info/gnd/300762771']",,ger,1 Schellackplatte (2 Seiten),[Wahren bei Leipzig],[zwischen 1913 und 1916],Polyphon Record,"Orchester mit Gesang | Erscheinungsjahr ermittelt nach: Das Bilderlexikon der deutschen Schellack-Schallplatten. Band 4 (P-S). Bear Family Records, 2019, S. 156",SPL 5560,1838770305,Public Domain Mark 1.0
1915785243,"Ach, Amalia","aus ""Die Kinokönigin""",,"['Gilbert, Jean (KomponistIn), https://d-nb.info/gnd/119539632', 'Kollo, Walter (KomponistIn), https://d-nb.info/gnd/123942837', 'Bredschneider, Willy (KomponistIn), https://d-nb.info/gnd/116469471', 'Gilbert, Jean, https://d-nb.info/gnd/1299778119', 'Kollo, Walter, https://d-nb.info/gnd/1068472723']",,ger,1 Schellackplatte (2 Seiten),[Leipzig],[1913],Famosa Glockophona,"Orchester mit Gesang; Orchester | Erscheinungsjahr ermittelt nach: Das Bilderlexikon der deutschen Schellack-Schallplatten. Band 2 (E-I). Bear Family Records, 2019, S. 104",SPL 5379,1838498354,Public Domain Mark 1.0
1915493382,Der Herr von Methusalem,"aus ""Wie einst im Mai""",,"['Bredschneider, Willy (KomponistIn), https://d-nb.info/gnd/116469471', 'Kollo, Walter (KomponistIn), https://d-nb.info/gnd/123942837', 'Meinhard, Carl (MitwirkendeR), https://d-nb.info/gnd/116863641', 'Weise, Lisa (SängerIn), https://d-nb.info/gnd/1229609695', 'Sabo, Oscar (SängerIn), https://d-nb.info/gnd/116713569', 'Kollo, Walter, https://d-nb.info/gnd/300762771']",,ger,1 Schellackplatte (2 Seiten),[S.l.],[1913],Gramophone,"Die Aufnahme basiert auf der Notenausgabe vom Drei-Masken-Verlag | Bariton mit Orchester (Seite 1), Duett mit Orchester (Seite 2) | Hergestellt von der Deutschen Grammophon-Aktiengesellschaft, Berlin",SPL 4543,1838152601,Public Domain Mark 1.0
1915478553,Kleine Mädchen müssen schlafen geh'n,"Duett aus der Posse: ""Der Juxbaron""","Kollo, Walter (KomponistIn), https://d-nb.info/gnd/123942837","['Werkmeister, Lotte (SängerIn), https://d-nb.info/gnd/117296015', 'Kuttner, Max (SängerIn), https://d-nb.info/gnd/134437470', 'Kollo, Walter, https://d-nb.info/gnd/1068472669']",,ger,1 Schellackplatte (2 Seiten),[Hannover-Linden],[1913],Favorite Record,Duo with Orchestra,SPL 3774,1836532032,Public Domain Mark 1.0
191490110X,Mein geliebtes Firlefänzchen,"aus ""Wie einst im Mai""",,"['Kollo, Walter (KomponistIn), https://d-nb.info/gnd/123942837', 'Bredschneider, Willy (KomponistIn), https://d-nb.info/gnd/116469471', 'Dora, Josefine (MitwirkendeR), https://d-nb.info/gnd/1060065258', 'Meinhard, Carl (MitwirkendeR), https://d-nb.info/gnd/116863641', 'Perry, Ida (MitwirkendeR), https://d-nb.info/gnd/116082739', 'Sabo, Oscar (SängerIn), https://d-nb.info/gnd/116713569', 'Kollo, Walter, https://d-nb.info/gnd/300762771']",,ger,1 Schellackplatte (2 Seiten),[S.l.],[1913?],Gramophone,Terzett mit Orchester. Tenor mit Orchester | Die Aufnahmen basieren auf der Notenausgabe vom Drei-Masken-Verlag,SPL 3577,1834153220,Public Domain Mark 1.0
1914588142,Haiti-Ballade,"Two-Step aus der Posse ""Wie einst im Mai""","Kollo, Walter (KomponistIn), https://d-nb.info/gnd/123942837","['Dora, Josefine (SängerIn), https://d-nb.info/gnd/1060065258', 'Kark, Friedrich (DirigentIn), https://d-nb.info/gnd/134875737', 'Kollo, Walter, https://d-nb.info/gnd/300762771']",,ger,1 Schellackplatte (2 Seiten),[Erscheinungsort nicht ermittelbar],[1913],Parlophon-Record,,SPL 633,1833761162,Public Domain Mark 1.0
1915484529,Das Lied von der Mühle,"aus ""Filmzauber""",,"['Kollo, Walter (KomponistIn), https://d-nb.info/gnd/123942837', 'Bredschneider, Willy (KomponistIn), https://d-nb.info/gnd/116469471', 'Meinhard, Carl (SängerIn), https://d-nb.info/gnd/116863641', 'Kollo, Walter, https://d-nb.info/gnd/1068472723']",,ger,1 Schellackplatte (2 Seiten),[S.l.],[1912],Gramophone,"Tenor w. Orch | Manufactured by Deutsche Grammophon-Aktiengesellschaft, Berlin | Die Aufnahme basiert auf der Notenausgabe vom Drei Masken-Verlag",SPL 3934,1837975523,Public Domain Mark 1.0
1915478944,Hab'n wir uns nicht schon mal kenn'n gelernt?,"Walzerduett aus ""Filmzauber""",,"['Kollo, Walter (KomponistIn), https://d-nb.info/gnd/123942837', 'Bredschneider, Willy (KomponistIn), https://d-nb.info/gnd/116469471', 'Weise, Lisa (SängerIn), https://d-nb.info/gnd/1229609695', 'Sabo, Oscar (SängerIn), https://d-nb.info/gnd/116713569', 'Kollo, Walter, https://d-nb.info/gnd/1068472723']",,ger,1 Schellackplatte (2 Seiten),[S.l.],[1912?],Gramophone,"Basiert auf der Notenausgabe vom Drei Masken-Verlag | Manufactured by Deutsche Grammophon-Aktiengesellschaft, Berlin | Duet with orch",SPL 3786,183654314X,Public Domain Mark 1.0
1914898214,Haben wir uns nicht schon mal kenn'n gelernt?,"Walzer-Duett aus der Posse ""Filmzauber"" : Repertoirestück des Berliner Theaters","Kollo, Walter (KomponistIn), https://d-nb.info/gnd/123942837","['Nitter, Erna (SängerIn), https://d-nb.info/gnd/117023523', 'Platen, Karl (SängerIn), https://d-nb.info/gnd/116206659', 'Kollo, Walter, https://d-nb.info/gnd/1068472723']","['Dacapo-Orchester (InstrumentalmusikerIn), https://d-nb.info/gnd/10160146-3']",ger,1 Schellackplatte (2 Seiten),[Berlin],[1912 oder 1913],Dacapo-Record Company,"Gesungen von Erna Nitter-Götz und Karl Platen, Originalbesetzung des ""Berliner Theaters"", mit Dacapo-Orchester, Berlin | Reproduced in Berlin | Erscheinungsjahr ermittelt nach: Das Bilderlexikon der deutschen Schellack-Schallplatten. Band 1 (A-D). Bear Family Records, 2019, S. 421",SPL 3472,1834131812,Public Domain Mark 1.0
1870691903,Vive l'amour,"Wenn im Lenz die Knospen sprießen : aus ""Grigri""",,"['Lincke, Paul (KomponistIn), https://d-nb.info/gnd/118573071', 'Kollo, Walter (KomponistIn), https://d-nb.info/gnd/123942837', 'Lincke, Paul, https://d-nb.info/gnd/1296063763', 'Kollo, Walter, https://d-nb.info/gnd/1307228550']",,ger,1 Schellackplatte (2 Seiten),[Verlagsort nicht ermittelbar],[1912?],Zonophone Records,"Die Aufnahmen basieren auf den Notenausgaben vom Apollo-Verlag (Seite A) und dem Drei-Masken-Verlag (Seite B) | Manufactured by Deutsche Grammophon-Aktiengesellschaft, Berlin | Erscheinungsdatum geschätzt",SPL 8739,1811337961,Public Domain Mark 1.0
1870691172,Am Bosporus,"aus ""Halloh! Die große Revue""",,"['Lincke, Paul (KomponistIn), https://d-nb.info/gnd/118573071', 'Lehár, Franz (KomponistIn), https://d-nb.info/gnd/118571036', 'Lincke, Paul, https://d-nb.info/gnd/1305845285', 'Lehár, Franz, https://d-nb.info/gnd/1151448192']",,zxx,1 Schellackplatte (2 Seiten),[Verlagsort nicht ermittelbar],[zwischen 1912 und 1914],[Verlag nicht ermittelbar],Erscheinungsdatum nicht ermittelbar. Dieses Label erschien zwischen 1912 und 1914,SPL 9911,1811339689,Public Domain Mark 1.0
1870689097,Die grosse Kanone,I. [und] II. Teil,"Lincke, Paul (KomponistIn), https://d-nb.info/gnd/118573071",,"['Stettiner Sänger (SängerIn), https://d-nb.info/gnd/1128928744', 'Büchner-Orchester (InstrumentalmusikerIn), https://d-nb.info/gnd/1026035090']",ger,1 Schellackplatte (2 Seiten),[Berlin],[zwischen 1912 und 1914],Kunst-Record,"Erscheinungsdatum geschätzt nach Lotz, R. u.a.: Das Bilderlexikon der deutschen Schellack-Schallplatten, Band 3, Seite 119. - Holste, 2019",SPL 9061,1869120752,Public Domain Mark 1.0
1915481643,Er ist nach mir verrückt!,,,"['Kollo, Walter (KomponistIn), https://d-nb.info/gnd/123942837', 'Waldoff, Claire (SängerIn), https://d-nb.info/gnd/118771019', 'Hardt, Ernst (TextdichterIn), https://d-nb.info/gnd/11870155X']",,ger,1 Schellackplatte (2 Seiten),[Berlin],[ca. 1911],Grammophon,"Komik m. Piano | Die Aufnahmen basieren auf den Notenausgaben von Bote & Bock (Seite 1) und dem Harmonie-Verlag (Seite 2) | Hergestellt von der Deutschen Grammophon-Aktiengesellschaft, Berlin | Erscheinungsjahr ermittelt nach ""Discogaphie der deutschen Kleinkunst"", Lotz Verlag, 1991, Band I, S. 263",SPL 3892,1837011540,Public Domain Mark 1.0
1915476321,Nach meine Beene is ja janz Berlin verrückt!,,"Kollo, Walter (KomponistIn), https://d-nb.info/gnd/123942837","['Hardt, Ernst (TextdichterIn), https://d-nb.info/gnd/11870155X', 'Alberts, A. O. (TextdichterIn), https://d-nb.info/gnd/125892136', 'Waldoff, Claire (SängerIn), https://d-nb.info/gnd/118771019']",,ger,1 Schellackplatte (2 Seiten),[Berlin],[1911],Grammophon,"Komik mit Piano | Hergestellt von der Deutschen Grammophon-Aktiengesellschaft, Berlin | Basiert auf der Notenausgabe vom Harmonie-Verlag | Erscheinungsjahr ermittelt nach ""Discographie der deutschen Kleinkunst"", Lotz Verlag, 1991, Band I, S. 263",SPL 3628,1836529279,Public Domain Mark 1.0
1916013899,"Bubi, mein süßer Bubi!","Lied aus ""Der Juxbaron""","Kollo, Walter (KomponistIn), https://d-nb.info/gnd/123942837","['Wolff, Willi (LibrettistIn), https://d-nb.info/gnd/1018050035', 'Freund, Grete (SängerIn), https://d-nb.info/gnd/116781181', 'Kuttner, Max (SängerIn), https://d-nb.info/gnd/134437470']",,ger,1 Schellackplatte (2 Seiten),[S.l.],[1913 oder 1914],Gramophone,"Hergestellt von der Deutschen Grammophon-Aktiengesellschaft, Berlin | Sopran mit Orchester und Duett mit Orchester | Die Aufnahmen basieren auf der Notenausgabe vom Drei-Masken-Verlag",SPL 9999,1847354513,Public Domain Mark 1.0
191600816X,"Potpourri aus ""Die tolle Komtess""",,"Kollo, Walter (KomponistIn), https://d-nb.info/gnd/123942837","['Kollo, Walter, https://d-nb.info/gnd/1068592338', 'Kollo, Walter, https://d-nb.info/gnd/30089628X']","['Beka-Orchester (InstrumentalmusikerIn), https://d-nb.info/gnd/16081548-4']",zxx,1 Schellackplatte (2 Seiten),[S.l.],[1917 oder 1918?],Beka,Beka-Orchester,SPL 8711,1840971223,Public Domain Mark 1.0
1870692586,Allerseelen,,,"['Lassen, Eduard (KomponistIn), https://d-nb.info/gnd/118975773', 'Lincke, Paul (KomponistIn), https://d-nb.info/gnd/118573071', 'Schröter, Erich (SängerIn), https://d-nb.info/gnd/1107043220', 'Lassen, Eduard, https://d-nb.info/gnd/1071580698', 'Lincke, Paul, https://d-nb.info/gnd/1307221173']",,ger,1 Schellackplatte (2 Seiten),[Berlin],[1910?],Gramophone,"Verlag: Hainauer (Allerseelen), Apollo-Verlag (Der einzige Sohn) | Tenor w. orch | Erscheinungsdatum geschätzt",SPL 8587,1815646756,Public Domain Mark 1.0
1916013554,Komm hilf mir mal die Rolle drehn!,,,"['Kollo, Walter (KomponistIn), https://d-nb.info/gnd/123942837', 'Frey, Hermann (TextdichterIn), https://d-nb.info/gnd/1037812557', 'Schönwald, Gustav (AusführendeR), https://d-nb.info/gnd/1064678408']",,ger,1 Schellackplatte (2 Seiten),[Paris?],[ca. 1909],Ultima,"Mit eingraviertem Etikett; Tiefenschrift; spielt von außen nach innen | Erscheinungsjahr ermittelt nach: ""Verzeichnis der 100 auserlesenen Stücke auf doppelseitig bespielten ""Ultima""-Starkton-Platten"", im ""Berliner Tageblatt und Handels-Zeitung"" vom 1. Dezember 1909, S. 15",SPL 9965,1844921700,Public Domain Mark 1.0
1870694287,Cora,,"Lincke, Paul (KomponistIn), https://d-nb.info/gnd/118573071","['Lessing, Madge (SängerIn), https://d-nb.info/gnd/1061304124', 'Kettner, Martin (SängerIn), https://d-nb.info/gnd/116151900', 'Lincke, Paul, https://d-nb.info/gnd/1305841042', 'Lincke, Paul, https://d-nb.info/gnd/1307992293']",,ger,1 Schellackplatte (2 Seiten),[Berlin],[1909?],Grammophon,"Duet w. orch. (Cora) | Soprano w. orch. (Pst, Pst) | Erscheinungsdatum anhand des Aufnahmedatums geschätzt",SPL 3608,181143004X,Public Domain Mark 1.0
1870694074,Satyr und Nymphe,,"Lincke, Paul (KomponistIn), https://d-nb.info/gnd/118573071","['Freund, Julius (TextdichterIn), https://d-nb.info/gnd/116781343', 'Kettner, Martin (SängerIn), https://d-nb.info/gnd/116151900', 'Perry, Ida (SängerIn), https://d-nb.info/gnd/116082739', 'Pfann, Karl (SängerIn), https://d-nb.info/gnd/127748377', 'Seidler-Winkler, Bruno (DirigentIn), https://d-nb.info/gnd/127934561', 'Lincke, Paul, https://d-nb.info/gnd/1307617425', 'Lincke, Paul, https://d-nb.info/gnd/1305812999']",,ger,1 Schellackplatte (2 Seiten),[Verlagsort nicht ermittelbar],[1909?],Gramophone Co. (and Sister Ciompanies),Duet with orchestra | Erscheinungsdatum anhand des Aufnahmedatums geschätzt,SPL 9880,1811430627,Public Domain Mark 1.0
1870692918,Walzer-Duett,"I. [und] II. Teil : aus ""Hallo! Die große Revue!!!""","Lincke, Paul (KomponistIn), https://d-nb.info/gnd/118573071","['Freund, Julius (TextdichterIn), https://d-nb.info/gnd/116781343', 'Pfann, Karl (SängerIn), https://d-nb.info/gnd/127748377', 'Perry, Ida (SängerIn), https://d-nb.info/gnd/116082739', 'Seidler-Winkler, Bruno (DirigentIn), https://d-nb.info/gnd/127934561']",,ger,1 Schellackplatte (2 Seiten),[London],[1909?],The Gramophone Co. Ltd. (and Sister Companies),Duet w. orch,SPL 3645,1811904378,Public Domain Mark 1.0
1915787300,Immer an der Wand lang,Rheinländer,,"['Kollo, Walter (KomponistIn), https://d-nb.info/gnd/123942837']",,ger,1 Schellackplatte (2 Seiten),[Berlin],1908,Homokord,Orchester und Orchester mit Gesang,SPL 7491,1839396253,Public Domain Mark 1.0
1870762614,Der letzte Frou-Frou,,"Lincke, Paul (KomponistIn), https://d-nb.info/gnd/118573071","['Wehlen, Emmy (SängerIn), https://d-nb.info/gnd/1144135028', 'Lincke, Paul, https://d-nb.info/gnd/1302596837', 'Lincke, Paul, https://d-nb.info/gnd/1307220487']",,ger,1 Schellackplatte (2 Seiten),[Erscheinungsort nicht ermittelbar],[1908?],Zonophone,Soprano w. orchestra | Erscheinungsdatum geschätzt,SPL 6738,1810667585,Public Domain Mark 1.0
1870761863,Der zurückgekehrte Taler,,"Lincke, Paul (KomponistIn), https://d-nb.info/gnd/118573071","['Kettner, Martin (SängerIn), https://d-nb.info/gnd/116151900', 'Seidler-Winkler, Bruno (DirigentIn), https://d-nb.info/gnd/127934561', 'Lincke, Paul, https://d-nb.info/gnd/1307599990', 'Lincke, Paul, https://d-nb.info/gnd/1307599850']",,ger,1 Schellackplatte (2 Seiten),[Berlin],[1908?],"The Gramophone Company, and Sister Companies",Comic with orch | Erscheinungsdatum anhand des Aufnahmedatums geschätzt,SPL 3971,1810668522,Public Domain Mark 1.0
1870746953,Donaunixe,"Rheinländer [aus ""Donnerwetter tadellos""]",,"['Lincke, Paul (KomponistIn), https://d-nb.info/gnd/118573071', 'Fall, Leo (KomponistIn), https://d-nb.info/gnd/116396717', 'Fetrás, Oscar (ArrangeurIn), https://d-nb.info/gnd/11647548X', 'Seidler-Winkler, Bruno (DirigentIn), https://d-nb.info/gnd/127934561', 'Lincke, Paul, https://d-nb.info/gnd/1305554736', 'Fall, Leo, https://d-nb.info/gnd/300187750']","['Seidler-Orchester (InstrumentalmusikerIn), https://d-nb.info/gnd/16130503-9']",zxx,1 Schellackplatte (2 Seiten),[Berlin],[1908?],"Gramophone Company Limited, and Sister Companies",German | Orchestra | Erscheinungsdatum anhand des Aufnahmedatums geschätzt,SPL 6748,1811011020,Public Domain Mark 1.0
1870746651,Fascination,Walzer,,"['Lincke, Paul (KomponistIn), https://d-nb.info/gnd/118573071', 'Marchetti, Fermo Dante (KomponistIn), https://d-nb.info/gnd/134968832', 'Lincke, Paul, https://d-nb.info/gnd/1302294296', 'Marchetti, Fermo Dante, https://d-nb.info/gnd/1206226595']",,zxx,1 Schellackplatte (2 Seiten),[Berlin],[nach 1908],Zonophone Records,"German | Orchestra | Datierung nach Lotz u. a.: Bilderlexikon der deutschen Schellackplatten. - Holste, 2019",SPL 8515,1815187727,Public Domain Mark 1.0
187074635X,La gran via,Walzer,,"['Lincke, Paul (KomponistIn), https://d-nb.info/gnd/118573071', 'Eilenberg, Richard (KomponistIn), https://d-nb.info/gnd/116418893', 'Lincke, Paul, https://d-nb.info/gnd/1295228661', 'Eilenberg, Richard, https://d-nb.info/gnd/1295228327']","['Grosses Dannenberg-Orchester (InstrumentalmusikerIn), https://d-nb.info/gnd/1295227932']",zxx,1 Schellackplatte (2 Seiten),[Verlagsort nicht ermittelbar],[zwischen 1908 und 1912],Jumbo Record,Erscheinungsdatum nicht ermittelbar. Dieses Label erschien zwischen 1908 und 1912,SPL 6746,1815650796,Public Domain Mark 1.0
1870694783,Fascination,,,"['Lincke, Paul (KomponistIn), https://d-nb.info/gnd/118573071', 'Marchetti, Fermo Dante (KomponistIn), https://d-nb.info/gnd/134968832', 'Lincke, Paul, https://d-nb.info/gnd/1302294296', 'Marchetti, Fermo Dante, https://d-nb.info/gnd/1206226595']",,zxx,1 Schellackplatte (2 Seiten),[Berlin],[nach 1908],Zonophone Records,German | Orchestra | Erscheinungsdatum geschätzt,SPL 11794,1859282768,Public Domain Mark 1.0
1870694589,Märchen,,,"['Aletter, Wilhelm (KomponistIn), https://d-nb.info/gnd/116284846', 'Lincke, Paul (KomponistIn), https://d-nb.info/gnd/118573071', 'Lincke, Paul, https://d-nb.info/gnd/1258981807']",,zxx,1 Schellackplatte (2 Seiten),Berlin,[zwischen 1908 und 1914],Deutsche Grammophon-Aktiengesellschaft,"instrumental duet | Erscheinungsdatum ermittelt-Lotz, R. u.a.: Das Bilderlexikon der deutschen Schellack-Schallplatten, Band 5, Seite 307",SPL 8724,1868941663,Public Domain Mark 1.0
1869141725,Der letzte Frou Frou,,"Lincke, Paul (KomponistIn), https://d-nb.info/gnd/118573071","['Freund, Julius (LibrettistIn), https://d-nb.info/gnd/116781343', 'Massary, Fritzi (SängerIn), https://d-nb.info/gnd/118731572', 'Pfann, Karl (SängerIn), https://d-nb.info/gnd/127748377', 'Seidler-Winkler, Bruno (DirigentIn), https://d-nb.info/gnd/127934561', 'Lincke, Paul, https://d-nb.info/gnd/1302596837', 'Lincke, Paul, https://d-nb.info/gnd/1302596926']",,ger,1 Schellackplatte (2 Seiten),[Verlagsort nicht ermittelbar],[1908?],"The Gramophone Company, and Sister Companies",Soprano w. orch | Tenor w. orch | Erscheinungsdatum geschätzt,SPL 3431,1810596432,Public Domain Mark 1.0
1869140095,Börsenduett,,"Lincke, Paul (KomponistIn), https://d-nb.info/gnd/118573071","['Wiedecke, Grete (SängerIn), https://d-nb.info/gnd/1146283105', 'Arno, Ludwig (SängerIn), https://d-nb.info/gnd/1262585627', 'Lincke, Paul, https://d-nb.info/gnd/1305554566', 'Lincke, Paul, https://d-nb.info/gnd/1305554736']",,ger,1 Schellackplatte (2 Seiten),Einbeck,[1908],August Stukenbrock,Erscheinungsdatum geschätzt,SPL 4533,1810591570,Public Domain Mark 1.0
1869139445,Der Gardeleutnant,,"Lincke, Paul (KomponistIn), https://d-nb.info/gnd/118573071","['Kettner, Martin (SängerIn), https://d-nb.info/gnd/116151900', 'Bender, Henry (SängerIn), https://d-nb.info/gnd/116118091', 'Seidler-Winkler, Bruno (DirigentIn), https://d-nb.info/gnd/127934561', 'Lincke, Paul, https://d-nb.info/gnd/1305555805', 'Lincke, Paul, https://d-nb.info/gnd/1305555627']",,ger,1 Schellackplatte (2 Seiten),Berlin,[1908?],Zonophone,German comic with orch | Erscheinungsdatum geschätzt,SPL 9934,1807551024,Public Domain Mark 1.0
1869130650,Schutzmann-Lied,1. Teil : German comic with orch.,"Lincke, Paul (KomponistIn), https://d-nb.info/gnd/118573071","['Bender, Henry (AusführendeR), https://d-nb.info/gnd/116118091', 'Kettner, Martin (ErzählerIn), https://d-nb.info/gnd/116151900', 'Seidler-Winkler, Bruno (DirigentIn), https://d-nb.info/gnd/127934561', 'Lincke, Paul, https://d-nb.info/gnd/1305180240', 'Lincke, Paul, https://d-nb.info/gnd/1305181026']",,ger,1 Schellackplatte (2 Seiten),[Berlin],[1908?],Gramophon Concert Record,Erscheinungsdatum anhand des Aufnahmedatums geschätzt,SPL 4542,1804462942,Public Domain Mark 1.0
1858515122,"Glühwürmchen-Idyll aus ""Lysistrata",,"Lincke, Paul (KomponistIn), https://d-nb.info/gnd/118573071",,"['Berliner Elite-Orchester (AusführendeR), https://d-nb.info/gnd/10197824-8']",zxx,1 Schellackplatte (1 Seite),[United Kingdom],[1902?],"The Gramophone and Typewriter Ltd., and Sister Companies",German | Orchestra,SPL 6718,1815185880,Public Domain Mark 1.0
1916011772,Immer an der Wand lang,Rheinländer,,"['Kollo, Walter (KomponistIn), https://d-nb.info/gnd/123942837', 'Kutschera, Alois (KomponistIn), https://d-nb.info/gnd/135300045', 'Weinschütz, Georg (InstrumentalmusikerIn), https://d-nb.info/gnd/103960457']",,zxx,1 Schellackplatte (2 Seiten),[S.l.],[zwischen 1909 und 1912],Jumbo-Record,,SPL 9093,1843070561,Public Domain Mark 1.0
1916009980,Barbarossas Erwachen,"Fanfaren-Marsch : Orchester = Pauline goes dancing : waltz from ""Big Raisins""",,"['Kollo, Walter (KomponistIn), https://d-nb.info/gnd/123942837', 'Hausegger, Siegmund von (KomponistIn), https://d-nb.info/gnd/116537620', 'Hausegger, Siegmund von, https://d-nb.info/gnd/7615510-9', 'Kollo, Walter, https://d-nb.info/gnd/1068552328']",,zxx,1 Schellackplatte (2 Seiten),[Erscheinungsort und Verlag nicht ermittelbar],19XX,,,SPL 8879,1842027891,Public Domain Mark 1.0
191600766X,"""Drunter und drüber""",Wenn du dich willst mit einer Maid verloben$dShimmy,"Kollo, Walter (KomponistIn), https://d-nb.info/gnd/123942837",,"['Metropol-Tanzorchester (InstrumentalmusikerIn), https://d-nb.info/gnd/10133000-5']",zxx,1 Schellackplatte (2 Seiten),[S.l.],[zwischen 1923 und 1925],Polyphon Record,"Die Aufnahme basiert auf der Notenausgabe ""Editon Vuvag, Berlin""",SPL 8545,1840612347,Public Domain Mark 1.0
1915786258,Die Männer sind alle Verbrecher,"aus ""Wie einst im Mai""","Kollo, Walter (KomponistIn), https://d-nb.info/gnd/123942837","['Kollo, Walter, https://d-nb.info/gnd/300762771']","['Browier-Hamann-Quartett (InstrumentalmusikerIn), https://d-nb.info/gnd/16046157-1']",ger,1 Schellackplatte (2 Seiten),[Erscheinungsort und Verlag nicht ermittelbar],19XX,,,SPL 6735,183928319X,Public Domain Mark 1.0
