PPN,Title,Subtitle,Creator,AdditionalCreators,AdditionalCorporateCreators,Language,PhysicalDescription,Place,Date,Publisher,Notes,Shelfmark_Original,PPN_Original,Year
1858515122,"Glühwürmchen-Idyll Aus ""Lysistrata",Nan,"Lincke, Paul (Komponistin), Https://D-Nb.Info/Gnd/118573071",Nan,"Berliner Elite-Orchester (Ausführender), Https://D-Nb.Info/Gnd/10197824-8",Zxx,1 Schellackplatte (1 Seite),United Kingdom,1902?,"The Gramophone And Typewriter Ltd., And Sister Companies",German | Orchestra,Spl 6718,1815185880,1902
1915787300,Immer An Der Wand Lang,Rheinländer,Nan,"Kollo, Walter (Komponistin), Https://D-Nb.Info/Gnd/123942837",Nan,Ger,1 Schellackplatte (2 Seiten),Berlin,1908,Homokord,Orchester Und Orchester Mit Gesang,Spl 7491,1839396253,1908
1870762614,Der Letzte Frou-Frou,Nan,"Lincke, Paul (Komponistin), Https://D-Nb.Info/Gnd/118573071","Wehlen, Emmy (Sängerin), Https://D-Nb.Info/Gnd/1144135028', 'Lincke, Paul, Https://D-Nb.Info/Gnd/1302596837', 'Lincke, Paul, Https://D-Nb.Info/Gnd/1307220487",Nan,Ger,1 Schellackplatte (2 Seiten),Erscheinungsort Nicht Ermittelbar,1908?,Zonophone,Soprano W. Orchestra | Erscheinungsdatum Geschätzt,Spl 6738,1810667585,1908
1870761863,Der Zurückgekehrte Taler,Nan,"Lincke, Paul (Komponistin), Https://D-Nb.Info/Gnd/118573071","Kettner, Martin (Sängerin), Https://D-Nb.Info/Gnd/116151900', 'Seidler-Winkler, Bruno (Dirigentin), Https://D-Nb.Info/Gnd/127934561', 'Lincke, Paul, Https://D-Nb.Info/Gnd/1307599990', 'Lincke, Paul, Https://D-Nb.Info/Gnd/1307599850",Nan,Ger,1 Schellackplatte (2 Seiten),Berlin,1908?,"The Gramophone Company, And Sister Companies",Comic With Orch | Erscheinungsdatum Anhand Des Aufnahmedatums Geschätzt,Spl 3971,1810668522,1908
1870746953,Donaunixe,"Rheinländer [Aus ""Donnerwetter Tadellos",Nan,"Lincke, Paul (Komponistin), Https://D-Nb.Info/Gnd/118573071', 'Fall, Leo (Komponistin), Https://D-Nb.Info/Gnd/116396717', 'Fetrás, Oscar (Arrangeurin), Https://D-Nb.Info/Gnd/11647548X', 'Seidler-Winkler, Bruno (Dirigentin), Https://D-Nb.Info/Gnd/127934561', 'Lincke, Paul, Https://D-Nb.Info/Gnd/1305554736', 'Fall, Leo, Https://D-Nb.Info/Gnd/300187750","Seidler-Orchester (Instrumentalmusikerin), Https://D-Nb.Info/Gnd/16130503-9",Zxx,1 Schellackplatte (2 Seiten),Berlin,1908?,"Gramophone Company Limited, And Sister Companies",German | Orchestra | Erscheinungsdatum Anhand Des Aufnahmedatums Geschätzt,Spl 6748,1811011020,1908
1869141725,Der Letzte Frou Frou,Nan,"Lincke, Paul (Komponistin), Https://D-Nb.Info/Gnd/118573071","Freund, Julius (Librettistin), Https://D-Nb.Info/Gnd/116781343', 'Massary, Fritzi (Sängerin), Https://D-Nb.Info/Gnd/118731572', 'Pfann, Karl (Sängerin), Https://D-Nb.Info/Gnd/127748377', 'Seidler-Winkler, Bruno (Dirigentin), Https://D-Nb.Info/Gnd/127934561', 'Lincke, Paul, Https://D-Nb.Info/Gnd/1302596837', 'Lincke, Paul, Https://D-Nb.Info/Gnd/1302596926",Nan,Ger,1 Schellackplatte (2 Seiten),Verlagsort Nicht Ermittelbar,1908?,"The Gramophone Company, And Sister Companies",Soprano W. Orch | Tenor W. Orch | Erscheinungsdatum Geschätzt,Spl 3431,1810596432,1908
1869140095,Börsenduett,Nan,"Lincke, Paul (Komponistin), Https://D-Nb.Info/Gnd/118573071","Wiedecke, Grete (Sängerin), Https://D-Nb.Info/Gnd/1146283105', 'Arno, Ludwig (Sängerin), Https://D-Nb.Info/Gnd/1262585627', 'Lincke, Paul, Https://D-Nb.Info/Gnd/1305554566', 'Lincke, Paul, Https://D-Nb.Info/Gnd/1305554736",Nan,Ger,1 Schellackplatte (2 Seiten),Einbeck,1908,August Stukenbrock,Erscheinungsdatum Geschätzt,Spl 4533,1810591570,1908
1869139445,Der Gardeleutnant,Nan,"Lincke, Paul (Komponistin), Https://D-Nb.Info/Gnd/118573071","Kettner, Martin (Sängerin), Https://D-Nb.Info/Gnd/116151900', 'Bender, Henry (Sängerin), Https://D-Nb.Info/Gnd/116118091', 'Seidler-Winkler, Bruno (Dirigentin), Https://D-Nb.Info/Gnd/127934561', 'Lincke, Paul, Https://D-Nb.Info/Gnd/1305555805', 'Lincke, Paul, Https://D-Nb.Info/Gnd/1305555627",Nan,Ger,1 Schellackplatte (2 Seiten),Berlin,1908?,Zonophone,German Comic With Orch | Erscheinungsdatum Geschätzt,Spl 9934,1807551024,1908
1869130650,Schutzmann-Lied,1. Teil : German Comic With Orch.,"Lincke, Paul (Komponistin), Https://D-Nb.Info/Gnd/118573071","Bender, Henry (Ausführender), Https://D-Nb.Info/Gnd/116118091', 'Kettner, Martin (Erzählerin), Https://D-Nb.Info/Gnd/116151900', 'Seidler-Winkler, Bruno (Dirigentin), Https://D-Nb.Info/Gnd/127934561', 'Lincke, Paul, Https://D-Nb.Info/Gnd/1305180240', 'Lincke, Paul, Https://D-Nb.Info/Gnd/1305181026",Nan,Ger,1 Schellackplatte (2 Seiten),Berlin,1908?,Gramophon Concert Record,Erscheinungsdatum Anhand Des Aufnahmedatums Geschätzt,Spl 4542,1804462942,1908
1916013554,Komm Hilf Mir Mal Die Rolle Drehn!,Nan,Nan,"Kollo, Walter (Komponistin), Https://D-Nb.Info/Gnd/123942837', 'Frey, Hermann (Textdichterin), Https://D-Nb.Info/Gnd/1037812557', 'Schönwald, Gustav (Ausführender), Https://D-Nb.Info/Gnd/1064678408",Nan,Ger,1 Schellackplatte (2 Seiten),Paris?,Ca. 1909,Ultima,"Mit Eingraviertem Etikett; Tiefenschrift; Spielt Von Außen Nach Innen | Erscheinungsjahr Ermittelt Nach: ""Verzeichnis Der 100 Auserlesenen Stücke Auf Doppelseitig Bespielten ""Ultima""-Starkton-Platten"", Im ""Berliner Tageblatt Und Handels-Zeitung"" Vom 1. Dezember 1909, S. 15",Spl 9965,1844921700,1909
1870694287,Cora,Nan,"Lincke, Paul (Komponistin), Https://D-Nb.Info/Gnd/118573071","Lessing, Madge (Sängerin), Https://D-Nb.Info/Gnd/1061304124', 'Kettner, Martin (Sängerin), Https://D-Nb.Info/Gnd/116151900', 'Lincke, Paul, Https://D-Nb.Info/Gnd/1305841042', 'Lincke, Paul, Https://D-Nb.Info/Gnd/1307992293",Nan,Ger,1 Schellackplatte (2 Seiten),Berlin,1909?,Grammophon,"Duet W. Orch. (Cora) | Soprano W. Orch. (Pst, Pst) | Erscheinungsdatum Anhand Des Aufnahmedatums Geschätzt",Spl 3608,181143004X,1909
1870694074,Satyr Und Nymphe,Nan,"Lincke, Paul (Komponistin), Https://D-Nb.Info/Gnd/118573071","Freund, Julius (Textdichterin), Https://D-Nb.Info/Gnd/116781343', 'Kettner, Martin (Sängerin), Https://D-Nb.Info/Gnd/116151900', 'Perry, Ida (Sängerin), Https://D-Nb.Info/Gnd/116082739', 'Pfann, Karl (Sängerin), Https://D-Nb.Info/Gnd/127748377', 'Seidler-Winkler, Bruno (Dirigentin), Https://D-Nb.Info/Gnd/127934561', 'Lincke, Paul, Https://D-Nb.Info/Gnd/1307617425', 'Lincke, Paul, Https://D-Nb.Info/Gnd/1305812999",Nan,Ger,1 Schellackplatte (2 Seiten),Verlagsort Nicht Ermittelbar,1909?,Gramophone Co. (And Sister Ciompanies),Duet With Orchestra | Erscheinungsdatum Anhand Des Aufnahmedatums Geschätzt,Spl 9880,1811430627,1909
1870692918,Walzer-Duett,"I. [Und] Ii. Teil : Aus ""Hallo! Die Große Revue!!!","Lincke, Paul (Komponistin), Https://D-Nb.Info/Gnd/118573071","Freund, Julius (Textdichterin), Https://D-Nb.Info/Gnd/116781343', 'Pfann, Karl (Sängerin), Https://D-Nb.Info/Gnd/127748377', 'Perry, Ida (Sängerin), Https://D-Nb.Info/Gnd/116082739', 'Seidler-Winkler, Bruno (Dirigentin), Https://D-Nb.Info/Gnd/127934561",Nan,Ger,1 Schellackplatte (2 Seiten),London,1909?,The Gramophone Co. Ltd. (And Sister Companies),Duet W. Orch,Spl 3645,1811904378,1909
1870692586,Allerseelen,Nan,Nan,"Lassen, Eduard (Komponistin), Https://D-Nb.Info/Gnd/118975773', 'Lincke, Paul (Komponistin), Https://D-Nb.Info/Gnd/118573071', 'Schröter, Erich (Sängerin), Https://D-Nb.Info/Gnd/1107043220', 'Lassen, Eduard, Https://D-Nb.Info/Gnd/1071580698', 'Lincke, Paul, Https://D-Nb.Info/Gnd/1307221173",Nan,Ger,1 Schellackplatte (2 Seiten),Berlin,1910?,Gramophone,"Verlag: Hainauer (Allerseelen), Apollo-Verlag (Der Einzige Sohn) | Tenor W. Orch | Erscheinungsdatum Geschätzt",Spl 8587,1815646756,1910
1915481643,Er Ist Nach Mir Verrückt!,Nan,Nan,"Kollo, Walter (Komponistin), Https://D-Nb.Info/Gnd/123942837', 'Waldoff, Claire (Sängerin), Https://D-Nb.Info/Gnd/118771019', 'Hardt, Ernst (Textdichterin), Https://D-Nb.Info/Gnd/11870155X",Nan,Ger,1 Schellackplatte (2 Seiten),Berlin,Ca. 1911,Grammophon,"Komik M. Piano | Die Aufnahmen Basieren Auf Den Notenausgaben Von Bote & Bock (Seite 1) Und Dem Harmonie-Verlag (Seite 2) | Hergestellt Von Der Deutschen Grammophon-Aktiengesellschaft, Berlin | Erscheinungsjahr Ermittelt Nach ""Discogaphie Der Deutschen Kleinkunst"", Lotz Verlag, 1991, Band I, S. 263",Spl 3892,1837011540,1911
1915476321,Nach Meine Beene Is Ja Janz Berlin Verrückt!,Nan,"Kollo, Walter (Komponistin), Https://D-Nb.Info/Gnd/123942837","Hardt, Ernst (Textdichterin), Https://D-Nb.Info/Gnd/11870155X', 'Alberts, A. O. (Textdichterin), Https://D-Nb.Info/Gnd/125892136', 'Waldoff, Claire (Sängerin), Https://D-Nb.Info/Gnd/118771019",Nan,Ger,1 Schellackplatte (2 Seiten),Berlin,1911,Grammophon,"Komik Mit Piano | Hergestellt Von Der Deutschen Grammophon-Aktiengesellschaft, Berlin | Basiert Auf Der Notenausgabe Vom Harmonie-Verlag | Erscheinungsjahr Ermittelt Nach ""Discographie Der Deutschen Kleinkunst"", Lotz Verlag, 1991, Band I, S. 263",Spl 3628,1836529279,1911
1915484529,Das Lied Von Der Mühle,"Aus ""Filmzauber",Nan,"Kollo, Walter (Komponistin), Https://D-Nb.Info/Gnd/123942837', 'Bredschneider, Willy (Komponistin), Https://D-Nb.Info/Gnd/116469471', 'Meinhard, Carl (Sängerin), Https://D-Nb.Info/Gnd/116863641', 'Kollo, Walter, Https://D-Nb.Info/Gnd/1068472723",Nan,Ger,1 Schellackplatte (2 Seiten),S.L.,1912,Gramophone,"Tenor W. Orch | Manufactured By Deutsche Grammophon-Aktiengesellschaft, Berlin | Die Aufnahme Basiert Auf Der Notenausgabe Vom Drei Masken-Verlag",Spl 3934,1837975523,1912
1915478944,Hab'N Wir Uns Nicht Schon Mal Kenn'N Gelernt?,"Walzerduett Aus ""Filmzauber",Nan,"Kollo, Walter (Komponistin), Https://D-Nb.Info/Gnd/123942837', 'Bredschneider, Willy (Komponistin), Https://D-Nb.Info/Gnd/116469471', 'Weise, Lisa (Sängerin), Https://D-Nb.Info/Gnd/1229609695', 'Sabo, Oscar (Sängerin), Https://D-Nb.Info/Gnd/116713569', 'Kollo, Walter, Https://D-Nb.Info/Gnd/1068472723",Nan,Ger,1 Schellackplatte (2 Seiten),S.L.,1912?,Gramophone,"Basiert Auf Der Notenausgabe Vom Drei Masken-Verlag | Manufactured By Deutsche Grammophon-Aktiengesellschaft, Berlin | Duet With Orch",Spl 3786,183654314X,1912
1870691903,Vive L'Amour,"Wenn Im Lenz Die Knospen Sprießen : Aus ""Grigri",Nan,"Lincke, Paul (Komponistin), Https://D-Nb.Info/Gnd/118573071', 'Kollo, Walter (Komponistin), Https://D-Nb.Info/Gnd/123942837', 'Lincke, Paul, Https://D-Nb.Info/Gnd/1296063763', 'Kollo, Walter, Https://D-Nb.Info/Gnd/1307228550",Nan,Ger,1 Schellackplatte (2 Seiten),Verlagsort Nicht Ermittelbar,1912?,Zonophone Records,"Die Aufnahmen Basieren Auf Den Notenausgaben Vom Apollo-Verlag (Seite A) Und Dem Drei-Masken-Verlag (Seite B) | Manufactured By Deutsche Grammophon-Aktiengesellschaft, Berlin | Erscheinungsdatum Geschätzt",Spl 8739,1811337961,1912
187074635X,La Gran Via,Walzer,Nan,"Lincke, Paul (Komponistin), Https://D-Nb.Info/Gnd/118573071', 'Eilenberg, Richard (Komponistin), Https://D-Nb.Info/Gnd/116418893', 'Lincke, Paul, Https://D-Nb.Info/Gnd/1295228661', 'Eilenberg, Richard, Https://D-Nb.Info/Gnd/1295228327","Grosses Dannenberg-Orchester (Instrumentalmusikerin), Https://D-Nb.Info/Gnd/1295227932",Zxx,1 Schellackplatte (2 Seiten),Verlagsort Nicht Ermittelbar,Zwischen 1908 Und 1912,Jumbo Record,Erscheinungsdatum Nicht Ermittelbar. Dieses Label Erschien Zwischen 1908 Und 1912,Spl 6746,1815650796,1908
187074635X,La Gran Via,Walzer,Nan,"Lincke, Paul (Komponistin), Https://D-Nb.Info/Gnd/118573071', 'Eilenberg, Richard (Komponistin), Https://D-Nb.Info/Gnd/116418893', 'Lincke, Paul, Https://D-Nb.Info/Gnd/1295228661', 'Eilenberg, Richard, Https://D-Nb.Info/Gnd/1295228327","Grosses Dannenberg-Orchester (Instrumentalmusikerin), Https://D-Nb.Info/Gnd/1295227932",Zxx,1 Schellackplatte (2 Seiten),Verlagsort Nicht Ermittelbar,Zwischen 1908 Und 1912,Jumbo Record,Erscheinungsdatum Nicht Ermittelbar. Dieses Label Erschien Zwischen 1908 Und 1912,Spl 6746,1815650796,1909
187074635X,La Gran Via,Walzer,Nan,"Lincke, Paul (Komponistin), Https://D-Nb.Info/Gnd/118573071', 'Eilenberg, Richard (Komponistin), Https://D-Nb.Info/Gnd/116418893', 'Lincke, Paul, Https://D-Nb.Info/Gnd/1295228661', 'Eilenberg, Richard, Https://D-Nb.Info/Gnd/1295228327","Grosses Dannenberg-Orchester (Instrumentalmusikerin), Https://D-Nb.Info/Gnd/1295227932",Zxx,1 Schellackplatte (2 Seiten),Verlagsort Nicht Ermittelbar,Zwischen 1908 Und 1912,Jumbo Record,Erscheinungsdatum Nicht Ermittelbar. Dieses Label Erschien Zwischen 1908 Und 1912,Spl 6746,1815650796,1910
187074635X,La Gran Via,Walzer,Nan,"Lincke, Paul (Komponistin), Https://D-Nb.Info/Gnd/118573071', 'Eilenberg, Richard (Komponistin), Https://D-Nb.Info/Gnd/116418893', 'Lincke, Paul, Https://D-Nb.Info/Gnd/1295228661', 'Eilenberg, Richard, Https://D-Nb.Info/Gnd/1295228327","Grosses Dannenberg-Orchester (Instrumentalmusikerin), Https://D-Nb.Info/Gnd/1295227932",Zxx,1 Schellackplatte (2 Seiten),Verlagsort Nicht Ermittelbar,Zwischen 1908 Und 1912,Jumbo Record,Erscheinungsdatum Nicht Ermittelbar. Dieses Label Erschien Zwischen 1908 Und 1912,Spl 6746,1815650796,1911
187074635X,La Gran Via,Walzer,Nan,"Lincke, Paul (Komponistin), Https://D-Nb.Info/Gnd/118573071', 'Eilenberg, Richard (Komponistin), Https://D-Nb.Info/Gnd/116418893', 'Lincke, Paul, Https://D-Nb.Info/Gnd/1295228661', 'Eilenberg, Richard, Https://D-Nb.Info/Gnd/1295228327","Grosses Dannenberg-Orchester (Instrumentalmusikerin), Https://D-Nb.Info/Gnd/1295227932",Zxx,1 Schellackplatte (2 Seiten),Verlagsort Nicht Ermittelbar,Zwischen 1908 Und 1912,Jumbo Record,Erscheinungsdatum Nicht Ermittelbar. Dieses Label Erschien Zwischen 1908 Und 1912,Spl 6746,1815650796,1912
1916011772,Immer An Der Wand Lang,Rheinländer,Nan,"Kollo, Walter (Komponistin), Https://D-Nb.Info/Gnd/123942837', 'Kutschera, Alois (Komponistin), Https://D-Nb.Info/Gnd/135300045', 'Weinschütz, Georg (Instrumentalmusikerin), Https://D-Nb.Info/Gnd/103960457",Nan,Zxx,1 Schellackplatte (2 Seiten),S.L.,Zwischen 1909 Und 1912,Jumbo-Record,Nan,Spl 9093,1843070561,1909
1916011772,Immer An Der Wand Lang,Rheinländer,Nan,"Kollo, Walter (Komponistin), Https://D-Nb.Info/Gnd/123942837', 'Kutschera, Alois (Komponistin), Https://D-Nb.Info/Gnd/135300045', 'Weinschütz, Georg (Instrumentalmusikerin), Https://D-Nb.Info/Gnd/103960457",Nan,Zxx,1 Schellackplatte (2 Seiten),S.L.,Zwischen 1909 Und 1912,Jumbo-Record,Nan,Spl 9093,1843070561,1910
1916011772,Immer An Der Wand Lang,Rheinländer,Nan,"Kollo, Walter (Komponistin), Https://D-Nb.Info/Gnd/123942837', 'Kutschera, Alois (Komponistin), Https://D-Nb.Info/Gnd/135300045', 'Weinschütz, Georg (Instrumentalmusikerin), Https://D-Nb.Info/Gnd/103960457",Nan,Zxx,1 Schellackplatte (2 Seiten),S.L.,Zwischen 1909 Und 1912,Jumbo-Record,Nan,Spl 9093,1843070561,1911
1916011772,Immer An Der Wand Lang,Rheinländer,Nan,"Kollo, Walter (Komponistin), Https://D-Nb.Info/Gnd/123942837', 'Kutschera, Alois (Komponistin), Https://D-Nb.Info/Gnd/135300045', 'Weinschütz, Georg (Instrumentalmusikerin), Https://D-Nb.Info/Gnd/103960457",Nan,Zxx,1 Schellackplatte (2 Seiten),S.L.,Zwischen 1909 Und 1912,Jumbo-Record,Nan,Spl 9093,1843070561,1912
1915785243,"Ach, Amalia","Aus ""Die Kinokönigin",Nan,"Gilbert, Jean (Komponistin), Https://D-Nb.Info/Gnd/119539632', 'Kollo, Walter (Komponistin), Https://D-Nb.Info/Gnd/123942837', 'Bredschneider, Willy (Komponistin), Https://D-Nb.Info/Gnd/116469471', 'Gilbert, Jean, Https://D-Nb.Info/Gnd/1299778119', 'Kollo, Walter, Https://D-Nb.Info/Gnd/1068472723",Nan,Ger,1 Schellackplatte (2 Seiten),Leipzig,1913,Famosa Glockophona,"Orchester Mit Gesang; Orchester | Erscheinungsjahr Ermittelt Nach: Das Bilderlexikon Der Deutschen Schellack-Schallplatten. Band 2 (E-I). Bear Family Records, 2019, S. 104",Spl 5379,1838498354,1913
1915493382,Der Herr Von Methusalem,"Aus ""Wie Einst Im Mai",Nan,"Bredschneider, Willy (Komponistin), Https://D-Nb.Info/Gnd/116469471', 'Kollo, Walter (Komponistin), Https://D-Nb.Info/Gnd/123942837', 'Meinhard, Carl (Mitwirkender), Https://D-Nb.Info/Gnd/116863641', 'Weise, Lisa (Sängerin), Https://D-Nb.Info/Gnd/1229609695', 'Sabo, Oscar (Sängerin), Https://D-Nb.Info/Gnd/116713569', 'Kollo, Walter, Https://D-Nb.Info/Gnd/300762771",Nan,Ger,1 Schellackplatte (2 Seiten),S.L.,1913,Gramophone,"Die Aufnahme Basiert Auf Der Notenausgabe Vom Drei-Masken-Verlag | Bariton Mit Orchester (Seite 1), Duett Mit Orchester (Seite 2) | Hergestellt Von Der Deutschen Grammophon-Aktiengesellschaft, Berlin",Spl 4543,1838152601,1913
1915478553,Kleine Mädchen Müssen Schlafen Geh'N,"Duett Aus Der Posse: ""Der Juxbaron","Kollo, Walter (Komponistin), Https://D-Nb.Info/Gnd/123942837","Werkmeister, Lotte (Sängerin), Https://D-Nb.Info/Gnd/117296015', 'Kuttner, Max (Sängerin), Https://D-Nb.Info/Gnd/134437470', 'Kollo, Walter, Https://D-Nb.Info/Gnd/1068472669",Nan,Ger,1 Schellackplatte (2 Seiten),Hannover-Linden,1913,Favorite Record,Duo With Orchestra,Spl 3774,1836532032,1913
191490110X,Mein Geliebtes Firlefänzchen,"Aus ""Wie Einst Im Mai",Nan,"Kollo, Walter (Komponistin), Https://D-Nb.Info/Gnd/123942837', 'Bredschneider, Willy (Komponistin), Https://D-Nb.Info/Gnd/116469471', 'Dora, Josefine (Mitwirkender), Https://D-Nb.Info/Gnd/1060065258', 'Meinhard, Carl (Mitwirkender), Https://D-Nb.Info/Gnd/116863641', 'Perry, Ida (Mitwirkender), Https://D-Nb.Info/Gnd/116082739', 'Sabo, Oscar (Sängerin), Https://D-Nb.Info/Gnd/116713569', 'Kollo, Walter, Https://D-Nb.Info/Gnd/300762771",Nan,Ger,1 Schellackplatte (2 Seiten),S.L.,1913?,Gramophone,Terzett Mit Orchester. Tenor Mit Orchester | Die Aufnahmen Basieren Auf Der Notenausgabe Vom Drei-Masken-Verlag,Spl 3577,1834153220,1913
1914588142,Haiti-Ballade,"Two-Step Aus Der Posse ""Wie Einst Im Mai","Kollo, Walter (Komponistin), Https://D-Nb.Info/Gnd/123942837","Dora, Josefine (Sängerin), Https://D-Nb.Info/Gnd/1060065258', 'Kark, Friedrich (Dirigentin), Https://D-Nb.Info/Gnd/134875737', 'Kollo, Walter, Https://D-Nb.Info/Gnd/300762771",Nan,Ger,1 Schellackplatte (2 Seiten),Erscheinungsort Nicht Ermittelbar,1913,Parlophon-Record,Nan,Spl 633,1833761162,1913
1914898214,Haben Wir Uns Nicht Schon Mal Kenn'N Gelernt?,"Walzer-Duett Aus Der Posse ""Filmzauber"" : Repertoirestück Des Berliner Theaters","Kollo, Walter (Komponistin), Https://D-Nb.Info/Gnd/123942837","Nitter, Erna (Sängerin), Https://D-Nb.Info/Gnd/117023523', 'Platen, Karl (Sängerin), Https://D-Nb.Info/Gnd/116206659', 'Kollo, Walter, Https://D-Nb.Info/Gnd/1068472723","Dacapo-Orchester (Instrumentalmusikerin), Https://D-Nb.Info/Gnd/10160146-3",Ger,1 Schellackplatte (2 Seiten),Berlin,1912 Oder 1913,Dacapo-Record Company,"Gesungen Von Erna Nitter-Götz Und Karl Platen, Originalbesetzung Des ""Berliner Theaters"", Mit Dacapo-Orchester, Berlin | Reproduced In Berlin | Erscheinungsjahr Ermittelt Nach: Das Bilderlexikon Der Deutschen Schellack-Schallplatten. Band 1 (A-D). Bear Family Records, 2019, S. 421",Spl 3472,1834131812,1912
1914898214,Haben Wir Uns Nicht Schon Mal Kenn'N Gelernt?,"Walzer-Duett Aus Der Posse ""Filmzauber"" : Repertoirestück Des Berliner Theaters","Kollo, Walter (Komponistin), Https://D-Nb.Info/Gnd/123942837","Nitter, Erna (Sängerin), Https://D-Nb.Info/Gnd/117023523', 'Platen, Karl (Sängerin), Https://D-Nb.Info/Gnd/116206659', 'Kollo, Walter, Https://D-Nb.Info/Gnd/1068472723","Dacapo-Orchester (Instrumentalmusikerin), Https://D-Nb.Info/Gnd/10160146-3",Ger,1 Schellackplatte (2 Seiten),Berlin,1912 Oder 1913,Dacapo-Record Company,"Gesungen Von Erna Nitter-Götz Und Karl Platen, Originalbesetzung Des ""Berliner Theaters"", Mit Dacapo-Orchester, Berlin | Reproduced In Berlin | Erscheinungsjahr Ermittelt Nach: Das Bilderlexikon Der Deutschen Schellack-Schallplatten. Band 1 (A-D). Bear Family Records, 2019, S. 421",Spl 3472,1834131812,1913
1870746651,Fascination,Walzer,Nan,"Lincke, Paul (Komponistin), Https://D-Nb.Info/Gnd/118573071', 'Marchetti, Fermo Dante (Komponistin), Https://D-Nb.Info/Gnd/134968832', 'Lincke, Paul, Https://D-Nb.Info/Gnd/1302294296', 'Marchetti, Fermo Dante, Https://D-Nb.Info/Gnd/1206226595",Nan,Zxx,1 Schellackplatte (2 Seiten),Berlin,Nach 1908,Zonophone Records,"German | Orchestra | Datierung Nach Lotz U. A.: Bilderlexikon Der Deutschen Schellackplatten. - Holste, 2019",Spl 8515,1815187727,1908
1870694783,Fascination,Nan,Nan,"Lincke, Paul (Komponistin), Https://D-Nb.Info/Gnd/118573071', 'Marchetti, Fermo Dante (Komponistin), Https://D-Nb.Info/Gnd/134968832', 'Lincke, Paul, Https://D-Nb.Info/Gnd/1302294296', 'Marchetti, Fermo Dante, Https://D-Nb.Info/Gnd/1206226595",Nan,Zxx,1 Schellackplatte (2 Seiten),Berlin,Nach 1908,Zonophone Records,German | Orchestra | Erscheinungsdatum Geschätzt,Spl 11794,1859282768,1908
1870612663,Vive L'Amour,Wenn Im Lenz Die Knospen Sprießen,"Lincke, Paul (Komponistin), Https://D-Nb.Info/Gnd/118573071","Wiedecke, Grete (Sängerin), Https://D-Nb.Info/Gnd/1146283105', 'Nebe, Carl (Sängerin), Https://D-Nb.Info/Gnd/1029802785', 'Lincke, Paul, Https://D-Nb.Info/Gnd/1296063763', 'Lincke, Paul, Https://D-Nb.Info/Gnd/1307615023",Nan,Ger,1 Schellackplatte (2 Seiten),Berlin,Um 1914?,Deutsche Grammophon-Aktiengesellschaft,Duet W. Orch | Bass W. Choir And Orch | (Apollo-Verlag),Spl 3625,181133007X,1914
1870612396,Von Der Heimat Weitab,"Finale Ii. Akt (Grigri-Walzer) Aus ""Grigri","Lincke, Paul (Komponistin), Https://D-Nb.Info/Gnd/118573071","Bolten-Baeckers, Heinrich (Textdichterin), Https://D-Nb.Info/Gnd/116035765', 'Chancel, Jules (Textdichterin), Https://D-Nb.Info/Gnd/1026236436', 'Bachrich, Susanne (Sängerin), Https://D-Nb.Info/Gnd/1078457506', 'Bockmann, August (Sängerin), Https://D-Nb.Info/Gnd/1072013037",Nan,Ger,1 Schellackplatte (2 Seiten),Berlin,Um 1914?,Deutsche Grammophon Aktiengesellschaft,"Apollo-Verlag | Duet W. Orch | Soprano W. Orch | Erscheinungsdatum Geschätzt Nach Lotz, R. U.A.: Das Bilderlexikon Der Deutschen Schellack-Schallplatten, Band 2, Seite 254/255. - Holste, 2019",Spl 4530,1811331068,1914
1870691172,Am Bosporus,"Aus ""Halloh! Die Große Revue",Nan,"Lincke, Paul (Komponistin), Https://D-Nb.Info/Gnd/118573071', 'Lehár, Franz (Komponistin), Https://D-Nb.Info/Gnd/118571036', 'Lincke, Paul, Https://D-Nb.Info/Gnd/1305845285', 'Lehár, Franz, Https://D-Nb.Info/Gnd/1151448192",Nan,Zxx,1 Schellackplatte (2 Seiten),Verlagsort Nicht Ermittelbar,Zwischen 1912 Und 1914,Verlag Nicht Ermittelbar,Erscheinungsdatum Nicht Ermittelbar. Dieses Label Erschien Zwischen 1912 Und 1914,Spl 9911,1811339689,1912
1870691172,Am Bosporus,"Aus ""Halloh! Die Große Revue",Nan,"Lincke, Paul (Komponistin), Https://D-Nb.Info/Gnd/118573071', 'Lehár, Franz (Komponistin), Https://D-Nb.Info/Gnd/118571036', 'Lincke, Paul, Https://D-Nb.Info/Gnd/1305845285', 'Lehár, Franz, Https://D-Nb.Info/Gnd/1151448192",Nan,Zxx,1 Schellackplatte (2 Seiten),Verlagsort Nicht Ermittelbar,Zwischen 1912 Und 1914,Verlag Nicht Ermittelbar,Erscheinungsdatum Nicht Ermittelbar. Dieses Label Erschien Zwischen 1912 Und 1914,Spl 9911,1811339689,1913
1870691172,Am Bosporus,"Aus ""Halloh! Die Große Revue",Nan,"Lincke, Paul (Komponistin), Https://D-Nb.Info/Gnd/118573071', 'Lehár, Franz (Komponistin), Https://D-Nb.Info/Gnd/118571036', 'Lincke, Paul, Https://D-Nb.Info/Gnd/1305845285', 'Lehár, Franz, Https://D-Nb.Info/Gnd/1151448192",Nan,Zxx,1 Schellackplatte (2 Seiten),Verlagsort Nicht Ermittelbar,Zwischen 1912 Und 1914,Verlag Nicht Ermittelbar,Erscheinungsdatum Nicht Ermittelbar. Dieses Label Erschien Zwischen 1912 Und 1914,Spl 9911,1811339689,1914
1870689097,Die Grosse Kanone,I. [Und] Ii. Teil,"Lincke, Paul (Komponistin), Https://D-Nb.Info/Gnd/118573071",Nan,"Stettiner Sänger (Sängerin), Https://D-Nb.Info/Gnd/1128928744', 'Büchner-Orchester (Instrumentalmusikerin), Https://D-Nb.Info/Gnd/1026035090",Ger,1 Schellackplatte (2 Seiten),Berlin,Zwischen 1912 Und 1914,Kunst-Record,"Erscheinungsdatum Geschätzt Nach Lotz, R. U.A.: Das Bilderlexikon Der Deutschen Schellack-Schallplatten, Band 3, Seite 119. - Holste, 2019",Spl 9061,1869120752,1912
1870689097,Die Grosse Kanone,I. [Und] Ii. Teil,"Lincke, Paul (Komponistin), Https://D-Nb.Info/Gnd/118573071",Nan,"Stettiner Sänger (Sängerin), Https://D-Nb.Info/Gnd/1128928744', 'Büchner-Orchester (Instrumentalmusikerin), Https://D-Nb.Info/Gnd/1026035090",Ger,1 Schellackplatte (2 Seiten),Berlin,Zwischen 1912 Und 1914,Kunst-Record,"Erscheinungsdatum Geschätzt Nach Lotz, R. U.A.: Das Bilderlexikon Der Deutschen Schellack-Schallplatten, Band 3, Seite 119. - Holste, 2019",Spl 9061,1869120752,1913
1870689097,Die Grosse Kanone,I. [Und] Ii. Teil,"Lincke, Paul (Komponistin), Https://D-Nb.Info/Gnd/118573071",Nan,"Stettiner Sänger (Sängerin), Https://D-Nb.Info/Gnd/1128928744', 'Büchner-Orchester (Instrumentalmusikerin), Https://D-Nb.Info/Gnd/1026035090",Ger,1 Schellackplatte (2 Seiten),Berlin,Zwischen 1912 Und 1914,Kunst-Record,"Erscheinungsdatum Geschätzt Nach Lotz, R. U.A.: Das Bilderlexikon Der Deutschen Schellack-Schallplatten, Band 3, Seite 119. - Holste, 2019",Spl 9061,1869120752,1914
1916013899,"Bubi, Mein Süßer Bubi!","Lied Aus ""Der Juxbaron","Kollo, Walter (Komponistin), Https://D-Nb.Info/Gnd/123942837","Wolff, Willi (Librettistin), Https://D-Nb.Info/Gnd/1018050035', 'Freund, Grete (Sängerin), Https://D-Nb.Info/Gnd/116781181', 'Kuttner, Max (Sängerin), Https://D-Nb.Info/Gnd/134437470",Nan,Ger,1 Schellackplatte (2 Seiten),S.L.,1913 Oder 1914,Gramophone,"Hergestellt Von Der Deutschen Grammophon-Aktiengesellschaft, Berlin | Sopran Mit Orchester Und Duett Mit Orchester | Die Aufnahmen Basieren Auf Der Notenausgabe Vom Drei-Masken-Verlag",Spl 9999,1847354513,1913
1916013899,"Bubi, Mein Süßer Bubi!","Lied Aus ""Der Juxbaron","Kollo, Walter (Komponistin), Https://D-Nb.Info/Gnd/123942837","Wolff, Willi (Librettistin), Https://D-Nb.Info/Gnd/1018050035', 'Freund, Grete (Sängerin), Https://D-Nb.Info/Gnd/116781181', 'Kuttner, Max (Sängerin), Https://D-Nb.Info/Gnd/134437470",Nan,Ger,1 Schellackplatte (2 Seiten),S.L.,1913 Oder 1914,Gramophone,"Hergestellt Von Der Deutschen Grammophon-Aktiengesellschaft, Berlin | Sopran Mit Orchester Und Duett Mit Orchester | Die Aufnahmen Basieren Auf Der Notenausgabe Vom Drei-Masken-Verlag",Spl 9999,1847354513,1914
1870694589,Märchen,Nan,Nan,"Aletter, Wilhelm (Komponistin), Https://D-Nb.Info/Gnd/116284846', 'Lincke, Paul (Komponistin), Https://D-Nb.Info/Gnd/118573071', 'Lincke, Paul, Https://D-Nb.Info/Gnd/1258981807",Nan,Zxx,1 Schellackplatte (2 Seiten),Berlin,Zwischen 1908 Und 1914,Deutsche Grammophon-Aktiengesellschaft,"Instrumental Duet | Erscheinungsdatum Ermittelt-Lotz, R. U.A.: Das Bilderlexikon Der Deutschen Schellack-Schallplatten, Band 5, Seite 307",Spl 8724,1868941663,1908
1870694589,Märchen,Nan,Nan,"Aletter, Wilhelm (Komponistin), Https://D-Nb.Info/Gnd/116284846', 'Lincke, Paul (Komponistin), Https://D-Nb.Info/Gnd/118573071', 'Lincke, Paul, Https://D-Nb.Info/Gnd/1258981807",Nan,Zxx,1 Schellackplatte (2 Seiten),Berlin,Zwischen 1908 Und 1914,Deutsche Grammophon-Aktiengesellschaft,"Instrumental Duet | Erscheinungsdatum Ermittelt-Lotz, R. U.A.: Das Bilderlexikon Der Deutschen Schellack-Schallplatten, Band 5, Seite 307",Spl 8724,1868941663,1909
1870694589,Märchen,Nan,Nan,"Aletter, Wilhelm (Komponistin), Https://D-Nb.Info/Gnd/116284846', 'Lincke, Paul (Komponistin), Https://D-Nb.Info/Gnd/118573071', 'Lincke, Paul, Https://D-Nb.Info/Gnd/1258981807",Nan,Zxx,1 Schellackplatte (2 Seiten),Berlin,Zwischen 1908 Und 1914,Deutsche Grammophon-Aktiengesellschaft,"Instrumental Duet | Erscheinungsdatum Ermittelt-Lotz, R. U.A.: Das Bilderlexikon Der Deutschen Schellack-Schallplatten, Band 5, Seite 307",Spl 8724,1868941663,1910
1870694589,Märchen,Nan,Nan,"Aletter, Wilhelm (Komponistin), Https://D-Nb.Info/Gnd/116284846', 'Lincke, Paul (Komponistin), Https://D-Nb.Info/Gnd/118573071', 'Lincke, Paul, Https://D-Nb.Info/Gnd/1258981807",Nan,Zxx,1 Schellackplatte (2 Seiten),Berlin,Zwischen 1908 Und 1914,Deutsche Grammophon-Aktiengesellschaft,"Instrumental Duet | Erscheinungsdatum Ermittelt-Lotz, R. U.A.: Das Bilderlexikon Der Deutschen Schellack-Schallplatten, Band 5, Seite 307",Spl 8724,1868941663,1911
1870694589,Märchen,Nan,Nan,"Aletter, Wilhelm (Komponistin), Https://D-Nb.Info/Gnd/116284846', 'Lincke, Paul (Komponistin), Https://D-Nb.Info/Gnd/118573071', 'Lincke, Paul, Https://D-Nb.Info/Gnd/1258981807",Nan,Zxx,1 Schellackplatte (2 Seiten),Berlin,Zwischen 1908 Und 1914,Deutsche Grammophon-Aktiengesellschaft,"Instrumental Duet | Erscheinungsdatum Ermittelt-Lotz, R. U.A.: Das Bilderlexikon Der Deutschen Schellack-Schallplatten, Band 5, Seite 307",Spl 8724,1868941663,1912
1870694589,Märchen,Nan,Nan,"Aletter, Wilhelm (Komponistin), Https://D-Nb.Info/Gnd/116284846', 'Lincke, Paul (Komponistin), Https://D-Nb.Info/Gnd/118573071', 'Lincke, Paul, Https://D-Nb.Info/Gnd/1258981807",Nan,Zxx,1 Schellackplatte (2 Seiten),Berlin,Zwischen 1908 Und 1914,Deutsche Grammophon-Aktiengesellschaft,"Instrumental Duet | Erscheinungsdatum Ermittelt-Lotz, R. U.A.: Das Bilderlexikon Der Deutschen Schellack-Schallplatten, Band 5, Seite 307",Spl 8724,1868941663,1913
1870694589,Märchen,Nan,Nan,"Aletter, Wilhelm (Komponistin), Https://D-Nb.Info/Gnd/116284846', 'Lincke, Paul (Komponistin), Https://D-Nb.Info/Gnd/118573071', 'Lincke, Paul, Https://D-Nb.Info/Gnd/1258981807",Nan,Zxx,1 Schellackplatte (2 Seiten),Berlin,Zwischen 1908 Und 1914,Deutsche Grammophon-Aktiengesellschaft,"Instrumental Duet | Erscheinungsdatum Ermittelt-Lotz, R. U.A.: Das Bilderlexikon Der Deutschen Schellack-Schallplatten, Band 5, Seite 307",Spl 8724,1868941663,1914
